time,vel_x,vel_y,vel_z,roll,pitch,yaw,st
0,0.0,-0.0,0.0,0.00229180371388793,0.10106609016656876,-2.1226181983947754,0
0.01,0.0,-0.0,0.0,0.00229180371388793,0.10106609016656876,-2.1226181983947754,0
0.02,0.0,-0.0,0.0,0.00229180371388793,0.10106609016656876,-2.1226181983947754,0
0.03,0.0,0.0,0.0,0.0022540802601724863,0.10105851292610168,-2.1231298446655273,0
0.04,0.0,0.0,0.0,0.0022540802601724863,0.10105851292610168,-2.1231298446655273,0
0.05,0.0,0.0,0.0,0.0022540802601724863,0.10105851292610168,-2.1231298446655273,0
0.060000000000000005,0.0,0.0,0.0,0.0022540802601724863,0.10105851292610168,-2.1231298446655273,0
0.07,0.0,0.0,0.0,0.0022540802601724863,0.10105851292610168,-2.1231298446655273,0
0.08,0.0,0.0,0.0,0.0022540802601724863,0.10105851292610168,-2.1231298446655273,0
0.09,0.0,0.0,0.0,0.0022540802601724863,0.10105851292610168,-2.1231298446655273,0
0.09999999999999999,0.0,0.0,0.0,0.0022540802601724863,0.10105851292610168,-2.1231298446655273,0
0.10999999999999999,0.0,0.0,0.0,0.0022540802601724863,0.10105851292610168,-2.1231298446655273,0
0.11999999999999998,0.0,0.0,0.0,0.0022540802601724863,0.10105851292610168,-2.1231298446655273,0
0.12999999999999998,0.0,0.0,0.0,0.0022540802601724863,0.10105851292610168,-2.1231298446655273,0
0.13999999999999999,0.0,0.0,0.0,0.0022540802601724863,0.10105851292610168,-2.1231298446655273,0
0.15,0.0,0.0,0.0,0.0022540802601724863,0.10105851292610168,-2.1231298446655273,0
0.16,0.0,0.0,0.0,0.0022540802601724863,0.10105851292610168,-2.1231298446655273,0
0.17,0.0,0.0,0.0,0.0022540802601724863,0.10105851292610168,-2.1231298446655273,0
0.18000000000000002,0.0,0.0,0.0,0.0022540802601724863,0.10105851292610168,-2.1231298446655273,0
0.19000000000000003,0.0,0.0,0.0,0.0022540802601724863,0.10105851292610168,-2.1231298446655273,0
0.20000000000000004,0.0,0.0,0.0,0.0022540802601724863,0.10105851292610168,-2.1231298446655273,0
0.21000000000000005,0.0,0.0,0.0,0.0022501552011817694,0.1010059341788292,-2.1231346130371094,0
0.22000000000000006,0.0,0.0,0.0,0.0022501552011817694,0.1010059341788292,-2.1231346130371094,0
0.23000000000000007,0.0,0.0,0.0,0.0022501552011817694,0.1010059341788292,-2.1231346130371094,0
0.24000000000000007,0.0,0.0,0.0,0.0022501552011817694,0.1010059341788292,-2.1231346130371094,0
0.25000000000000006,0.0,0.0,0.0,0.0022501552011817694,0.1010059341788292,-2.1231346130371094,0
0.26000000000000006,0.0,0.0,0.0,0.0022501552011817694,0.1010059341788292,-2.1231346130371094,0
0.2700000000000001,0.0,0.0,0.0,0.0022501552011817694,0.1010059341788292,-2.1231346130371094,0
0.2800000000000001,0.0,0.0,0.0,0.0022501552011817694,0.1010059341788292,-2.1231346130371094,0
0.2900000000000001,0.0,0.0,0.0,0.0022501552011817694,0.1010059341788292,-2.1231346130371094,0
0.3000000000000001,0.0,0.0,0.0,0.0022501552011817694,0.1010059341788292,-2.1231346130371094,0
0.3100000000000001,0.0,0.0,0.0,0.0022501552011817694,0.1010059341788292,-2.1231346130371094,0
0.3200000000000001,0.0,0.0,0.0,0.0022501552011817694,0.1010059341788292,-2.1231346130371094,0
0.3300000000000001,0.0,0.0,0.0,0.0022501552011817694,0.1010059341788292,-2.1231346130371094,0
0.34000000000000014,0.0,0.0,0.0,0.0022501552011817694,0.1010059341788292,-2.1231346130371094,0
0.35000000000000014,0.0,0.0,0.0,0.0022501552011817694,0.1010059341788292,-2.1231346130371094,0
0.36000000000000015,0.0,0.0,0.0,0.0022501552011817694,0.1010059341788292,-2.1231346130371094,0
0.37000000000000016,0.0,0.0,0.0,0.0022501552011817694,0.1010059341788292,-2.1231346130371094,0
0.38000000000000017,0.0,0.0,0.0,0.0022781521547585726,0.10095782577991486,-2.1230878829956055,0
0.3900000000000002,0.0,0.0,0.0,0.0022781521547585726,0.10095782577991486,-2.1230878829956055,0
0.4000000000000002,0.0,0.0,0.0,0.0022781521547585726,0.10095782577991486,-2.1230878829956055,0
0.4100000000000002,0.0,0.0,0.0,0.0022781521547585726,0.10095782577991486,-2.1230878829956055,0
0.4200000000000002,0.0,0.0,0.0,0.0022781521547585726,0.10095782577991486,-2.1230878829956055,0
0.4300000000000002,0.0,0.0,0.0,0.0022781521547585726,0.10095782577991486,-2.1230878829956055,0
0.4400000000000002,0.0,0.0,0.0,0.0022781521547585726,0.10095782577991486,-2.1230878829956055,0
0.45000000000000023,0.0,0.0,0.0,0.0022781521547585726,0.10095782577991486,-2.1230878829956055,0
0.46000000000000024,0.0,0.0,0.0,0.0022781521547585726,0.10095782577991486,-2.1230878829956055,0
0.47000000000000025,0.0,0.0,0.0,0.0022781521547585726,0.10095782577991486,-2.1230878829956055,0
0.48000000000000026,0.0,0.0,0.0,0.0022781521547585726,0.10095782577991486,-2.1230878829956055,0
0.49000000000000027,0.0,0.0,0.0,0.0022781521547585726,0.10095782577991486,-2.1230878829956055,0
0.5000000000000002,0.0,0.0,0.0,0.0022781521547585726,0.10095782577991486,-2.1230878829956055,0
0.5100000000000002,0.0,0.0,0.0,0.0022781521547585726,0.10095782577991486,-2.1230878829956055,0
0.5200000000000002,0.0,0.0,0.0,0.0022781521547585726,0.10095782577991486,-2.1230878829956055,0
0.5300000000000002,0.0,0.0,0.0,0.0022781521547585726,0.10095782577991486,-2.1230878829956055,0
0.5400000000000003,0.0,0.0,0.0,0.0022781521547585726,0.10095782577991486,-2.1230878829956055,0
0.5500000000000003,0.0,0.0,0.0,0.0023609944619238377,0.10090968757867813,-2.1239404678344727,0
0.5600000000000003,0.0,0.0,0.0,0.0023609944619238377,0.10090968757867813,-2.1239404678344727,0
0.5700000000000003,0.0,0.0,0.0,0.0023609944619238377,0.10090968757867813,-2.1239404678344727,0
0.5800000000000003,0.0,0.0,0.0,0.0023609944619238377,0.10090968757867813,-2.1239404678344727,0
0.5900000000000003,0.0,0.0,0.0,0.0023609944619238377,0.10090968757867813,-2.1239404678344727,0
0.6000000000000003,0.0,0.0,0.0,0.0023609944619238377,0.10090968757867813,-2.1239404678344727,0
0.6100000000000003,0.0,0.0,0.0,0.0023609944619238377,0.10090968757867813,-2.1239404678344727,0
0.6200000000000003,0.0,0.0,0.0,0.0023609944619238377,0.10090968757867813,-2.1239404678344727,0
0.6300000000000003,0.0,0.0,0.0,0.0023609944619238377,0.10090968757867813,-2.1239404678344727,0
0.6400000000000003,0.0,0.0,0.0,0.0023609944619238377,0.10090968757867813,-2.1239404678344727,0
0.6500000000000004,0.0,0.0,0.0,0.0023609944619238377,0.10090968757867813,-2.1239404678344727,0
0.6600000000000004,0.0,0.0,0.0,0.0023609944619238377,0.10090968757867813,-2.1239404678344727,0
0.6700000000000004,0.0,0.0,0.0,0.0023609944619238377,0.10090968757867813,-2.1239404678344727,0
0.6800000000000004,0.0,0.0,0.0,0.0023609944619238377,0.10090968757867813,-2.1239404678344727,0
0.6900000000000004,0.0,0.0,0.0,0.0023609944619238377,0.10090968757867813,-2.1239404678344727,0
0.7000000000000004,0.0,0.0,0.0,0.0023609944619238377,0.10090968757867813,-2.1239404678344727,0
0.7100000000000004,0.0,0.0,0.0,0.0023609944619238377,0.10090968757867813,-2.1239404678344727,0
0.7200000000000004,0.0,0.0,0.0,0.0023609944619238377,0.10090968757867813,-2.1239404678344727,0
0.7300000000000004,0.0,0.0,0.0,0.0023609944619238377,0.10090968757867813,-2.1239404678344727,0
0.7400000000000004,0.0,0.0,0.0,0.0023960410617291927,0.10119102150201797,-2.1226563453674316,0
0.7500000000000004,0.0,0.0,0.0,0.0023960410617291927,0.10119102150201797,-2.1226563453674316,0
0.7600000000000005,0.0,0.0,0.0,0.0023960410617291927,0.10119102150201797,-2.1226563453674316,0
0.7700000000000005,0.0,0.0,0.0,0.0023960410617291927,0.10119102150201797,-2.1226563453674316,0
0.7800000000000005,0.0,0.0,0.0,0.0023960410617291927,0.10119102150201797,-2.1226563453674316,0
0.7900000000000005,0.0,0.0,0.0,0.0023960410617291927,0.10119102150201797,-2.1226563453674316,0
0.8000000000000005,0.0,0.0,0.0,0.0023960410617291927,0.10119102150201797,-2.1226563453674316,0
0.8100000000000005,0.0,0.0,0.0,0.0023960410617291927,0.10119102150201797,-2.1226563453674316,0
0.8200000000000005,0.0,0.0,0.0,0.0023960410617291927,0.10119102150201797,-2.1226563453674316,0
0.8300000000000005,0.0,0.0,0.0,0.0023960410617291927,0.10119102150201797,-2.1226563453674316,0
0.8400000000000005,0.0,0.0,0.0,0.0023960410617291927,0.10119102150201797,-2.1226563453674316,0
0.8500000000000005,0.0,0.0,0.0,0.0023960410617291927,0.10119102150201797,-2.1226563453674316,0
0.8600000000000005,0.0,0.0,0.0,0.0023960410617291927,0.10119102150201797,-2.1226563453674316,0
0.8700000000000006,0.0,0.0,0.0,0.0023960410617291927,0.10119102150201797,-2.1226563453674316,0
0.8800000000000006,0.0,0.0,0.0,0.0023960410617291927,0.10119102150201797,-2.1226563453674316,0
0.8900000000000006,0.0,0.0,0.0,0.0023960410617291927,0.10119102150201797,-2.1226563453674316,0
0.9000000000000006,0.0,0.0,0.0,0.0023960410617291927,0.10119102150201797,-2.1226563453674316,0
0.9100000000000006,0.0,0.0,0.0,0.002426095074042678,0.10107310116291046,-2.1225907802581787,0
0.9200000000000006,0.0,0.0,0.0,0.002426095074042678,0.10107310116291046,-2.1225907802581787,0
0.9300000000000006,0.0,0.0,0.0,0.002426095074042678,0.10107310116291046,-2.1225907802581787,0
0.9400000000000006,0.0,0.0,0.0,0.002426095074042678,0.10107310116291046,-2.1225907802581787,0
0.9500000000000006,0.0,0.0,0.0,0.002426095074042678,0.10107310116291046,-2.1225907802581787,0
0.9600000000000006,0.0,0.0,0.0,0.002426095074042678,0.10107310116291046,-2.1225907802581787,0
0.9700000000000006,0.0,0.0,0.0,0.002426095074042678,0.10107310116291046,-2.1225907802581787,0
0.9800000000000006,0.0,0.0,0.0,0.002426095074042678,0.10107310116291046,-2.1225907802581787,0
0.9900000000000007,0.0,0.0,0.0,0.002426095074042678,0.10107310116291046,-2.1225907802581787,0
1.0000000000000007,0.0,0.0,0.0,0.002426095074042678,0.10107310116291046,-2.1225907802581787,0
1.0100000000000007,0.0,0.0,0.0,0.002426095074042678,0.10107310116291046,-2.1225907802581787,0
1.0200000000000007,0.0,0.0,0.0,0.002426095074042678,0.10107310116291046,-2.1225907802581787,0
1.0300000000000007,0.0,0.0,0.0,0.002426095074042678,0.10107310116291046,-2.1225907802581787,0
1.0400000000000007,0.0,0.0,0.0,0.002426095074042678,0.10107310116291046,-2.1225907802581787,0
1.0500000000000007,0.0,0.0,0.0,0.002426095074042678,0.10107310116291046,-2.1225907802581787,0
1.0600000000000007,0.0,0.0,0.0,0.002426095074042678,0.10107310116291046,-2.1225907802581787,0
1.0700000000000007,0.0,0.0,0.0,0.0023849005810916424,0.10104507952928543,-2.1226096153259277,0
1.0800000000000007,0.0,0.0,0.0,0.0023849005810916424,0.10104507952928543,-2.1226096153259277,0
1.0900000000000007,0.0,0.0,0.0,0.0023849005810916424,0.10104507952928543,-2.1226096153259277,0
1.1000000000000008,0.0,0.0,0.0,0.0023849005810916424,0.10104507952928543,-2.1226096153259277,0
1.1100000000000008,0.0,0.0,0.0,0.0023849005810916424,0.10104507952928543,-2.1226096153259277,0
1.1200000000000008,0.0,0.0,0.0,0.0023849005810916424,0.10104507952928543,-2.1226096153259277,0
1.1300000000000008,0.0,0.0,0.0,0.0023849005810916424,0.10104507952928543,-2.1226096153259277,0
1.1400000000000008,0.0,0.0,0.0,0.0023849005810916424,0.10104507952928543,-2.1226096153259277,0
1.1500000000000008,0.0,0.0,0.0,0.0023849005810916424,0.10104507952928543,-2.1226096153259277,0
1.1600000000000008,0.0,0.0,0.0,0.0023849005810916424,0.10104507952928543,-2.1226096153259277,0
1.1700000000000008,0.0,0.0,0.0,0.0023849005810916424,0.10104507952928543,-2.1226096153259277,0
1.1800000000000008,0.0,0.0,0.0,0.0023849005810916424,0.10104507952928543,-2.1226096153259277,0
1.1900000000000008,0.0,0.0,0.0,0.0023849005810916424,0.10104507952928543,-2.1226096153259277,0
1.2000000000000008,0.0,0.0,0.0,0.0023849005810916424,0.10104507952928543,-2.1226096153259277,0
1.2100000000000009,0.0,0.0,0.0,0.0023849005810916424,0.10104507952928543,-2.1226096153259277,0
1.2200000000000009,0.0,0.0,0.0,0.0023849005810916424,0.10104507952928543,-2.1226096153259277,0
1.2300000000000009,0.0,0.0,0.0,0.0023849005810916424,0.10104507952928543,-2.1226096153259277,0
1.2400000000000009,0.0,0.0,0.0,0.0023849005810916424,0.10104507952928543,-2.1226096153259277,0
1.2500000000000009,0.0,0.0,0.0,0.0023849005810916424,0.10104507952928543,-2.1226096153259277,0
1.260000000000001,0.0,0.0,0.0,0.002403078367933631,0.10104833543300629,-2.1225392818450928,0
1.270000000000001,0.0,0.0,0.0,0.002403078367933631,0.10104833543300629,-2.1225392818450928,0
1.280000000000001,0.0,0.0,0.0,0.002403078367933631,0.10104833543300629,-2.1225392818450928,0
1.290000000000001,0.0,0.0,0.0,0.002403078367933631,0.10104833543300629,-2.1225392818450928,0
1.300000000000001,0.0,0.0,0.0,0.002403078367933631,0.10104833543300629,-2.1225392818450928,0
1.310000000000001,0.0,0.0,0.0,0.002403078367933631,0.10104833543300629,-2.1225392818450928,0
1.320000000000001,0.0,0.0,0.0,0.002403078367933631,0.10104833543300629,-2.1225392818450928,0
1.330000000000001,0.0,0.0,0.0,0.002403078367933631,0.10104833543300629,-2.1225392818450928,0
1.340000000000001,0.0,0.0,0.0,0.002403078367933631,0.10104833543300629,-2.1225392818450928,0
1.350000000000001,0.0,0.0,0.0,0.002403078367933631,0.10104833543300629,-2.1225392818450928,0
1.360000000000001,0.0,0.0,0.0,0.002403078367933631,0.10104833543300629,-2.1225392818450928,0
1.370000000000001,0.0,0.0,0.0,0.002403078367933631,0.10104833543300629,-2.1225392818450928,0
1.380000000000001,0.0,0.0,0.0,0.002403078367933631,0.10104833543300629,-2.1225392818450928,0
1.390000000000001,0.0,0.0,0.0,0.002403078367933631,0.10104833543300629,-2.1225392818450928,0
1.400000000000001,0.0,0.0,0.0,0.0024136188440024853,0.10101617127656937,-2.1224427223205566,0
1.410000000000001,0.0,0.0,0.0,0.0024136188440024853,0.10101617127656937,-2.1224427223205566,0
1.420000000000001,0.0,0.0,0.0,0.0024136188440024853,0.10101617127656937,-2.1224427223205566,0
1.430000000000001,0.0,0.0,0.0,0.0024136188440024853,0.10101617127656937,-2.1224427223205566,0
1.440000000000001,0.0,0.0,0.0,0.0024136188440024853,0.10101617127656937,-2.1224427223205566,0
1.450000000000001,0.0,0.0,0.0,0.0024136188440024853,0.10101617127656937,-2.1224427223205566,0
1.460000000000001,0.0,0.0,0.0,0.0024136188440024853,0.10101617127656937,-2.1224427223205566,0
1.470000000000001,0.0,0.0,0.0,0.0024136188440024853,0.10101617127656937,-2.1224427223205566,0
1.480000000000001,0.0,0.0,0.0,0.0024136188440024853,0.10101617127656937,-2.1224427223205566,0
1.490000000000001,0.0,0.0,0.0,0.0024136188440024853,0.10101617127656937,-2.1224427223205566,0
1.500000000000001,0.0,0.0,0.0,0.0024136188440024853,0.10101617127656937,-2.1224427223205566,0
1.5100000000000011,0.0,0.0,0.0,0.0024136188440024853,0.10101617127656937,-2.1224427223205566,0
1.5200000000000011,0.0,0.0,0.0,0.0024136188440024853,0.10101617127656937,-2.1224427223205566,0
1.5300000000000011,0.0,0.0,0.0,0.0024136188440024853,0.10101617127656937,-2.1224427223205566,0
1.5400000000000011,0.0,0.0,0.0,0.0024136188440024853,0.10101617127656937,-2.1224427223205566,0
1.5500000000000012,0.0,0.0,0.0,0.0024136188440024853,0.10101617127656937,-2.1224427223205566,0
1.5600000000000012,0.0,0.0,0.0,0.0024136188440024853,0.10101617127656937,-2.1224427223205566,0
1.5700000000000012,0.0,0.0,0.0,0.0024136188440024853,0.10101617127656937,-2.1224427223205566,0
1.5800000000000012,0.0,0.0,-0.0010114430915564299,0.0024136188440024853,0.10101617127656937,-2.1224427223205566,0
1.5900000000000012,0.0,0.0,-0.0010114430915564299,0.0025629422161728144,0.10053602606058121,-2.1236791610717773,0
1.6000000000000012,0.0,0.0,-0.0010114430915564299,0.0025629422161728144,0.10053602606058121,-2.1236791610717773,0
1.6100000000000012,0.0,0.0,-0.0010114430915564299,0.0025629422161728144,0.10053602606058121,-2.1236791610717773,0
1.6200000000000012,0.0,0.0,-0.0010114430915564299,0.0025629422161728144,0.10053602606058121,-2.1236791610717773,0
1.6300000000000012,0.0,0.0,-0.0010114430915564299,0.0025629422161728144,0.10053602606058121,-2.1236791610717773,0
1.6400000000000012,0.0,0.0,-0.0010114430915564299,0.0025629422161728144,0.10053602606058121,-2.1236791610717773,0
1.6500000000000012,0.0,0.0,-0.0010114430915564299,0.0025629422161728144,0.10053602606058121,-2.1236791610717773,0
1.6600000000000013,0.0,0.0,-0.0010114430915564299,0.0025629422161728144,0.10053602606058121,-2.1236791610717773,0
1.6700000000000013,0.0,0.0,-0.0010114430915564299,0.0025629422161728144,0.10053602606058121,-2.1236791610717773,0
1.6800000000000013,0.0,0.0,-0.0010114430915564299,0.0025629422161728144,0.10053602606058121,-2.1236791610717773,0
1.6900000000000013,0.0,0.0,-0.0010114430915564299,0.0025629422161728144,0.10053602606058121,-2.1236791610717773,0
1.7000000000000013,0.0,0.0,-0.0010114430915564299,0.0025629422161728144,0.10053602606058121,-2.1236791610717773,0
1.7100000000000013,0.0,0.0,-0.0010114430915564299,0.0025629422161728144,0.10053602606058121,-2.1236791610717773,0
1.7200000000000013,0.0,0.0,-0.0010114430915564299,0.0025629422161728144,0.10053602606058121,-2.1236791610717773,0
1.7300000000000013,0.0,0.0,-0.0010114430915564299,0.0025629422161728144,0.10053602606058121,-2.1236791610717773,0
1.7400000000000013,0.0,0.0,-0.0010114430915564299,0.0025629422161728144,0.10053602606058121,-2.1236791610717773,0
1.7500000000000013,0.0,0.0,-0.0010114430915564299,0.0025629422161728144,0.10053602606058121,-2.1236791610717773,0
1.7600000000000013,0.0,0.0,-0.0010114430915564299,0.0025629422161728144,0.10053602606058121,-2.1236791610717773,0
1.7700000000000014,-0.001408493029884994,0.02588297240436077,-0.056731127202510834,0.0008126813918352127,0.05792231112718582,-2.1054513454437256,0
1.7800000000000014,-0.001408493029884994,0.02588297240436077,-0.056731127202510834,0.0008126813918352127,0.05792231112718582,-2.1054513454437256,0
1.7900000000000014,-0.001408493029884994,0.02588297240436077,-0.056731127202510834,0.0008126813918352127,0.05792231112718582,-2.1054513454437256,0
1.8000000000000014,-0.001408493029884994,0.02588297240436077,-0.056731127202510834,0.0008126813918352127,0.05792231112718582,-2.1054513454437256,0
1.8100000000000014,-0.001408493029884994,0.02588297240436077,-0.056731127202510834,0.0008126813918352127,0.05792231112718582,-2.1054513454437256,0
1.8200000000000014,-0.001408493029884994,0.02588297240436077,-0.056731127202510834,0.0008126813918352127,0.05792231112718582,-2.1054513454437256,0
1.8300000000000014,-0.001408493029884994,0.02588297240436077,-0.056731127202510834,0.0008126813918352127,0.05792231112718582,-2.1054513454437256,0
1.8400000000000014,-0.001408493029884994,0.02588297240436077,-0.056731127202510834,0.0008126813918352127,0.05792231112718582,-2.1054513454437256,0
1.8500000000000014,-0.001408493029884994,0.02588297240436077,-0.056731127202510834,0.0008126813918352127,0.05792231112718582,-2.1054513454437256,0
1.8600000000000014,-0.001408493029884994,0.02588297240436077,-0.056731127202510834,0.0008126813918352127,0.05792231112718582,-2.1054513454437256,0
1.8700000000000014,-0.001408493029884994,0.02588297240436077,-0.056731127202510834,0.0008126813918352127,0.05792231112718582,-2.1054513454437256,0
1.8800000000000014,-0.001408493029884994,0.02588297240436077,-0.056731127202510834,0.0008126813918352127,0.05792231112718582,-2.1054513454437256,0
1.8900000000000015,-0.001408493029884994,0.02588297240436077,-0.056731127202510834,0.0008126813918352127,0.05792231112718582,-2.1054513454437256,0
1.9000000000000015,-0.001408493029884994,0.02588297240436077,-0.056731127202510834,0.0008126813918352127,0.05792231112718582,-2.1054513454437256,0
1.9100000000000015,-0.001408493029884994,0.02588297240436077,-0.056731127202510834,0.0008126813918352127,0.05792231112718582,-2.1054513454437256,0
1.9200000000000015,-0.001408493029884994,0.02588297240436077,-0.056731127202510834,0.0008126813918352127,0.05792231112718582,-2.1054513454437256,0
1.9300000000000015,-0.0726252868771553,-0.04059525206685066,-0.5943443179130554,-0.015553029254078865,-0.06285612285137177,-2.126965045928955,0
1.9400000000000015,-0.0726252868771553,-0.04059525206685066,-0.5943443179130554,-0.015553029254078865,-0.06285612285137177,-2.126965045928955,0
1.9500000000000015,-0.0726252868771553,-0.04059525206685066,-0.5943443179130554,-0.015553029254078865,-0.06285612285137177,-2.126965045928955,0
1.9600000000000015,-0.0726252868771553,-0.04059525206685066,-0.5943443179130554,-0.015553029254078865,-0.06285612285137177,-2.126965045928955,0
1.9700000000000015,-0.0726252868771553,-0.04059525206685066,-0.5943443179130554,-0.015553029254078865,-0.06285612285137177,-2.126965045928955,0
1.9800000000000015,-0.0726252868771553,-0.04059525206685066,-0.5943443179130554,-0.015553029254078865,-0.06285612285137177,-2.126965045928955,0
1.9900000000000015,-0.0726252868771553,-0.04059525206685066,-0.5943443179130554,-0.015553029254078865,-0.06285612285137177,-2.126965045928955,0
2.0000000000000013,-0.0726252868771553,-0.04059525206685066,-0.5943443179130554,-0.015553029254078865,-0.06285612285137177,-2.126965045928955,0
2.010000000000001,-0.0726252868771553,-0.04059525206685066,-0.5943443179130554,-0.015553029254078865,-0.06285612285137177,-2.126965045928955,0
2.020000000000001,-0.0726252868771553,-0.04059525206685066,-0.5943443179130554,-0.015553029254078865,-0.06285612285137177,-2.126965045928955,0
2.0300000000000007,-0.0726252868771553,-0.04059525206685066,-0.5943443179130554,-0.015553029254078865,-0.06285612285137177,-2.126965045928955,0
2.0400000000000005,-0.0726252868771553,-0.04059525206685066,-0.5943443179130554,-0.015553029254078865,-0.06285612285137177,-2.126965045928955,0
2.0500000000000003,-0.0726252868771553,-0.04059525206685066,-0.5943443179130554,-0.015553029254078865,-0.06285612285137177,-2.126965045928955,0
2.06,-0.0726252868771553,-0.04059525206685066,-0.5943443179130554,-0.015553029254078865,-0.06285612285137177,-2.126965045928955,0
2.07,-0.03755079209804535,-0.006740077398717403,-0.9105836749076843,0.0383458286523819,0.07555751502513885,-2.1243391036987305,0
2.0799999999999996,-0.03755079209804535,-0.006740077398717403,-0.9105836749076843,0.0383458286523819,0.07555751502513885,-2.1243391036987305,0
2.0899999999999994,-0.03755079209804535,-0.006740077398717403,-0.9105836749076843,0.0383458286523819,0.07555751502513885,-2.1243391036987305,0
2.099999999999999,-0.03755079209804535,-0.006740077398717403,-0.9105836749076843,0.0383458286523819,0.07555751502513885,-2.1243391036987305,0
2.109999999999999,-0.03755079209804535,-0.006740077398717403,-0.9105836749076843,0.0383458286523819,0.07555751502513885,-2.1243391036987305,0
2.1199999999999988,-0.03755079209804535,-0.006740077398717403,-0.9105836749076843,0.0383458286523819,0.07555751502513885,-2.1243391036987305,0
2.1299999999999986,-0.03755079209804535,-0.006740077398717403,-0.9105836749076843,0.0383458286523819,0.07555751502513885,-2.1243391036987305,0
2.1399999999999983,-0.03755079209804535,-0.006740077398717403,-0.9105836749076843,0.0383458286523819,0.07555751502513885,-2.1243391036987305,0
2.149999999999998,-0.03755079209804535,-0.006740077398717403,-0.9105836749076843,0.0383458286523819,0.07555751502513885,-2.1243391036987305,0
2.159999999999998,-0.03755079209804535,-0.006740077398717403,-0.9105836749076843,0.0383458286523819,0.07555751502513885,-2.1243391036987305,0
2.1699999999999977,-0.03755079209804535,-0.006740077398717403,-0.9105836749076843,0.0383458286523819,0.07555751502513885,-2.1243391036987305,0
2.1799999999999975,-0.03755079209804535,-0.006740077398717403,-0.9105836749076843,0.0383458286523819,0.07555751502513885,-2.1243391036987305,0
2.1899999999999973,-0.03755079209804535,-0.006740077398717403,-0.9105836749076843,0.0383458286523819,0.07555751502513885,-2.1243391036987305,0
2.199999999999997,-0.03755079209804535,-0.006740077398717403,-0.9105836749076843,0.0383458286523819,0.07555751502513885,-2.1243391036987305,0
2.209999999999997,-0.03755079209804535,-0.006740077398717403,-0.9105836749076843,0.0383458286523819,0.07555751502513885,-2.1243391036987305,0
2.2199999999999966,-0.03755079209804535,-0.006740077398717403,-0.9105836749076843,0.0383458286523819,0.07555751502513885,-2.1243391036987305,0
2.2299999999999964,0.04522203281521797,0.05809337645769119,-0.9905319809913635,0.0383458286523819,0.07555751502513885,-2.1243391036987305,0
2.239999999999996,0.04522203281521797,0.05809337645769119,-0.9905319809913635,0.004426473286002874,0.005653670988976955,-2.1230998039245605,0
2.249999999999996,0.04522203281521797,0.05809337645769119,-0.9905319809913635,0.004426473286002874,0.005653670988976955,-2.1230998039245605,0
2.259999999999996,0.04522203281521797,0.05809337645769119,-0.9905319809913635,0.004426473286002874,0.005653670988976955,-2.1230998039245605,0
2.2699999999999956,0.04522203281521797,0.05809337645769119,-0.9905319809913635,0.004426473286002874,0.005653670988976955,-2.1230998039245605,0
2.2799999999999954,0.04522203281521797,0.05809337645769119,-0.9905319809913635,0.004426473286002874,0.005653670988976955,-2.1230998039245605,0
2.289999999999995,0.04522203281521797,0.05809337645769119,-0.9905319809913635,0.004426473286002874,0.005653670988976955,-2.1230998039245605,0
2.299999999999995,0.04522203281521797,0.05809337645769119,-0.9905319809913635,0.004426473286002874,0.005653670988976955,-2.1230998039245605,0
2.3099999999999947,0.04522203281521797,0.05809337645769119,-0.9905319809913635,0.004426473286002874,0.005653670988976955,-2.1230998039245605,0
2.3199999999999945,0.04522203281521797,0.05809337645769119,-0.9905319809913635,0.004426473286002874,0.005653670988976955,-2.1230998039245605,0
2.3299999999999943,0.04522203281521797,0.05809337645769119,-0.9905319809913635,0.004426473286002874,0.005653670988976955,-2.1230998039245605,0
2.339999999999994,0.04522203281521797,0.05809337645769119,-0.9905319809913635,0.004426473286002874,0.005653670988976955,-2.1230998039245605,0
2.349999999999994,0.04522203281521797,0.05809337645769119,-0.9905319809913635,0.004426473286002874,0.005653670988976955,-2.1230998039245605,0
2.3599999999999937,0.04522203281521797,0.05809337645769119,-0.9905319809913635,0.004426473286002874,0.005653670988976955,-2.1230998039245605,0
2.3699999999999934,0.04522203281521797,0.05809337645769119,-0.9905319809913635,0.004426473286002874,0.005653670988976955,-2.1230998039245605,0
2.3799999999999932,0.025277037173509598,0.07004790753126144,-0.961334764957428,0.004426473286002874,0.005653670988976955,-2.1230998039245605,0
2.389999999999993,0.025277037173509598,0.07004790753126144,-0.961334764957428,0.011865741573274136,0.005633788648992777,-2.124562978744507,0
2.399999999999993,0.025277037173509598,0.07004790753126144,-0.961334764957428,0.011865741573274136,0.005633788648992777,-2.124562978744507,0
2.4099999999999926,0.025277037173509598,0.07004790753126144,-0.961334764957428,0.011865741573274136,0.005633788648992777,-2.124562978744507,0
2.4199999999999924,0.025277037173509598,0.07004790753126144,-0.961334764957428,0.011865741573274136,0.005633788648992777,-2.124562978744507,0
2.429999999999992,0.025277037173509598,0.07004790753126144,-0.961334764957428,0.011865741573274136,0.005633788648992777,-2.124562978744507,0
2.439999999999992,0.025277037173509598,0.07004790753126144,-0.961334764957428,0.011865741573274136,0.005633788648992777,-2.124562978744507,0
2.4499999999999917,0.025277037173509598,0.07004790753126144,-0.961334764957428,0.011865741573274136,0.005633788648992777,-2.124562978744507,0
2.4599999999999915,0.025277037173509598,0.07004790753126144,-0.961334764957428,0.011865741573274136,0.005633788648992777,-2.124562978744507,0
2.4699999999999913,0.025277037173509598,0.07004790753126144,-0.961334764957428,0.011865741573274136,0.005633788648992777,-2.124562978744507,0
2.479999999999991,0.025277037173509598,0.07004790753126144,-0.961334764957428,0.011865741573274136,0.005633788648992777,-2.124562978744507,0
2.489999999999991,0.025277037173509598,0.07004790753126144,-0.961334764957428,0.011865741573274136,0.005633788648992777,-2.124562978744507,0
2.4999999999999907,0.025277037173509598,0.07004790753126144,-0.961334764957428,0.011865741573274136,0.005633788648992777,-2.124562978744507,0
2.5099999999999905,0.025277037173509598,0.07004790753126144,-0.961334764957428,0.011865741573274136,0.005633788648992777,-2.124562978744507,0
2.5199999999999902,0.025277037173509598,0.07004790753126144,-0.961334764957428,0.011865741573274136,0.005633788648992777,-2.124562978744507,0
2.52999999999999,0.025277037173509598,0.07004790753126144,-0.961334764957428,0.011865741573274136,0.005633788648992777,-2.124562978744507,0
2.53999999999999,0.025277037173509598,0.07004790753126144,-0.961334764957428,0.011865741573274136,0.005633788648992777,-2.124562978744507,0
2.5499999999999896,0.025277037173509598,0.07004790753126144,-0.961334764957428,0.011865741573274136,0.005633788648992777,-2.124562978744507,0
2.5599999999999894,0.03624780476093292,0.06438550353050232,-0.6329518556594849,0.019601022824645042,-0.009354845620691776,-2.12479305267334,0
2.569999999999989,0.03624780476093292,0.06438550353050232,-0.6329518556594849,0.019601022824645042,-0.009354845620691776,-2.12479305267334,0
2.579999999999989,0.03624780476093292,0.06438550353050232,-0.6329518556594849,0.019601022824645042,-0.009354845620691776,-2.12479305267334,0
2.5899999999999888,0.03624780476093292,0.06438550353050232,-0.6329518556594849,0.019601022824645042,-0.009354845620691776,-2.12479305267334,0
2.5999999999999885,0.03624780476093292,0.06438550353050232,-0.6329518556594849,0.019601022824645042,-0.009354845620691776,-2.12479305267334,0
2.6099999999999883,0.03624780476093292,0.06438550353050232,-0.6329518556594849,0.019601022824645042,-0.009354845620691776,-2.12479305267334,0
2.619999999999988,0.03624780476093292,0.06438550353050232,-0.6329518556594849,0.019601022824645042,-0.009354845620691776,-2.12479305267334,0
2.629999999999988,0.03624780476093292,0.06438550353050232,-0.6329518556594849,0.019601022824645042,-0.009354845620691776,-2.12479305267334,0
2.6399999999999877,0.03624780476093292,0.06438550353050232,-0.6329518556594849,0.019601022824645042,-0.009354845620691776,-2.12479305267334,0
2.6499999999999875,0.03624780476093292,0.06438550353050232,-0.6329518556594849,0.019601022824645042,-0.009354845620691776,-2.12479305267334,0
2.6599999999999873,0.03624780476093292,0.06438550353050232,-0.6329518556594849,0.019601022824645042,-0.009354845620691776,-2.12479305267334,0
2.669999999999987,0.03624780476093292,0.06438550353050232,-0.6329518556594849,0.019601022824645042,-0.009354845620691776,-2.12479305267334,0
2.679999999999987,0.03624780476093292,0.06438550353050232,-0.6329518556594849,0.019601022824645042,-0.009354845620691776,-2.12479305267334,0
2.6899999999999866,0.03624780476093292,0.06438550353050232,-0.6329518556594849,0.019601022824645042,-0.009354845620691776,-2.12479305267334,0
2.6999999999999864,0.03624780476093292,0.06438550353050232,-0.6329518556594849,0.019601022824645042,-0.009354845620691776,-2.12479305267334,0
2.709999999999986,0.03624780476093292,0.06438550353050232,-0.6329518556594849,0.019601022824645042,-0.009354845620691776,-2.12479305267334,0
2.719999999999986,0.03624780476093292,0.06438550353050232,-0.6329518556594849,0.019601022824645042,-0.009354845620691776,-2.12479305267334,0
2.7299999999999858,0.02061518281698227,0.034339819103479385,-0.3641756474971771,0.014102578163146973,-0.018584132194519043,-2.124725341796875,0
2.7399999999999856,0.02061518281698227,0.034339819103479385,-0.3641756474971771,0.014102578163146973,-0.018584132194519043,-2.124725341796875,0
2.7499999999999853,0.02061518281698227,0.034339819103479385,-0.3641756474971771,0.014102578163146973,-0.018584132194519043,-2.124725341796875,0
2.759999999999985,0.02061518281698227,0.034339819103479385,-0.3641756474971771,0.014102578163146973,-0.018584132194519043,-2.124725341796875,0
2.769999999999985,0.02061518281698227,0.034339819103479385,-0.3641756474971771,0.014102578163146973,-0.018584132194519043,-2.124725341796875,0
2.7799999999999847,0.02061518281698227,0.034339819103479385,-0.3641756474971771,0.014102578163146973,-0.018584132194519043,-2.124725341796875,0
2.7899999999999845,0.02061518281698227,0.034339819103479385,-0.3641756474971771,0.014102578163146973,-0.018584132194519043,-2.124725341796875,0
2.7999999999999843,0.02061518281698227,0.034339819103479385,-0.3641756474971771,0.014102578163146973,-0.018584132194519043,-2.124725341796875,0
2.809999999999984,0.02061518281698227,0.034339819103479385,-0.3641756474971771,0.014102578163146973,-0.018584132194519043,-2.124725341796875,0
2.819999999999984,0.02061518281698227,0.034339819103479385,-0.3641756474971771,0.014102578163146973,-0.018584132194519043,-2.124725341796875,0
2.8299999999999836,0.02061518281698227,0.034339819103479385,-0.3641756474971771,0.014102578163146973,-0.018584132194519043,-2.124725341796875,0
2.8399999999999834,0.02061518281698227,0.034339819103479385,-0.3641756474971771,0.014102578163146973,-0.018584132194519043,-2.124725341796875,0
2.849999999999983,0.02061518281698227,0.034339819103479385,-0.3641756474971771,0.014102578163146973,-0.018584132194519043,-2.124725341796875,0
2.859999999999983,0.02061518281698227,0.034339819103479385,-0.3641756474971771,0.014102578163146973,-0.018584132194519043,-2.124725341796875,0
2.869999999999983,0.02061518281698227,0.034339819103479385,-0.3641756474971771,0.014102578163146973,-0.018584132194519043,-2.124725341796875,0
2.8799999999999826,0.02061518281698227,0.034339819103479385,-0.3641756474971771,0.014102578163146973,-0.018584132194519043,-2.124725341796875,0
2.8899999999999824,0.02061518281698227,0.034339819103479385,-0.3641756474971771,0.014102578163146973,-0.018584132194519043,-2.124725341796875,0
2.899999999999982,0.02061518281698227,0.034339819103479385,-0.3641756474971771,0.014102578163146973,-0.018584132194519043,-2.124725341796875,0
2.909999999999982,0.013583675026893616,0.00595399085432291,-0.1980666071176529,0.014853039756417274,-0.0016763901803642511,-2.124701976776123,0
2.9199999999999817,0.013583675026893616,0.00595399085432291,-0.1980666071176529,0.014853039756417274,-0.0016763901803642511,-2.124701976776123,0
2.9299999999999815,0.013583675026893616,0.00595399085432291,-0.1980666071176529,0.014853039756417274,-0.0016763901803642511,-2.124701976776123,0
2.9399999999999813,0.013583675026893616,0.00595399085432291,-0.1980666071176529,0.014853039756417274,-0.0016763901803642511,-2.124701976776123,0
2.949999999999981,0.013583675026893616,0.00595399085432291,-0.1980666071176529,0.014853039756417274,-0.0016763901803642511,-2.124701976776123,0
2.959999999999981,0.013583675026893616,0.00595399085432291,-0.1980666071176529,0.014853039756417274,-0.0016763901803642511,-2.124701976776123,1
2.9699999999999807,0.013583675026893616,0.00595399085432291,-0.1980666071176529,0.014853039756417274,-0.0016763901803642511,-2.124701976776123,1
2.9799999999999804,0.013583675026893616,0.00595399085432291,-0.1980666071176529,0.014853039756417274,-0.0016763901803642511,-2.124701976776123,1
2.9899999999999802,0.013583675026893616,0.00595399085432291,-0.1980666071176529,0.014853039756417274,-0.0016763901803642511,-2.124701976776123,1
2.99999999999998,0.013583675026893616,0.00595399085432291,-0.1980666071176529,0.014853039756417274,-0.0016763901803642511,-2.124701976776123,1
3.00999999999998,0.013583675026893616,0.00595399085432291,-0.1980666071176529,0.014853039756417274,-0.0016763901803642511,-2.124701976776123,1
3.0199999999999796,0.013583675026893616,0.00595399085432291,-0.1980666071176529,0.014853039756417274,-0.0016763901803642511,-2.124701976776123,1
3.0299999999999794,0.013583675026893616,0.00595399085432291,-0.1980666071176529,0.014853039756417274,-0.0016763901803642511,-2.124701976776123,1
3.039999999999979,0.013583675026893616,0.00595399085432291,-0.1980666071176529,0.014853039756417274,-0.0016763901803642511,-2.124701976776123,1
3.049999999999979,0.013583675026893616,0.00595399085432291,-0.1980666071176529,0.014853039756417274,-0.0016763901803642511,-2.124701976776123,1
3.0599999999999787,0.013583675026893616,0.00595399085432291,-0.1980666071176529,0.014853039756417274,-0.0016763901803642511,-2.124701976776123,1
3.0699999999999785,0.013583675026893616,0.00595399085432291,-0.1980666071176529,0.014853039756417274,-0.0016763901803642511,-2.124701976776123,1
3.0799999999999783,0.005654931999742985,0.00415237108245492,-0.03165285289287567,0.0046798656694591045,0.0017140000127255917,1.1398272514343262,1
3.089999999999978,0.005654931999742985,0.00415237108245492,-0.03165285289287567,0.0046798656694591045,0.0017140000127255917,1.1398272514343262,1
3.099999999999978,0.005654931999742985,0.00415237108245492,-0.03165285289287567,0.0046798656694591045,0.0017140000127255917,1.1398272514343262,1
3.1099999999999777,0.005654931999742985,0.00415237108245492,-0.03165285289287567,0.0046798656694591045,0.0017140000127255917,1.1398272514343262,1
3.1199999999999775,0.005654931999742985,0.00415237108245492,-0.03165285289287567,0.0046798656694591045,0.0017140000127255917,1.1398272514343262,1
3.1299999999999772,0.005654931999742985,0.00415237108245492,-0.03165285289287567,0.0046798656694591045,0.0017140000127255917,1.1398272514343262,1
3.139999999999977,0.005654931999742985,0.00415237108245492,-0.03165285289287567,0.0046798656694591045,0.0017140000127255917,1.1398272514343262,1
3.149999999999977,0.005654931999742985,0.00415237108245492,-0.03165285289287567,0.0046798656694591045,0.0017140000127255917,1.1398272514343262,1
3.1599999999999766,0.005654931999742985,0.00415237108245492,-0.03165285289287567,0.0046798656694591045,0.0017140000127255917,1.1398272514343262,1
3.1699999999999764,0.005654931999742985,0.00415237108245492,-0.03165285289287567,0.0046798656694591045,0.0017140000127255917,1.1398272514343262,1
3.179999999999976,0.005654931999742985,0.00415237108245492,-0.03165285289287567,0.0046798656694591045,0.0017140000127255917,1.1398272514343262,1
3.189999999999976,0.005654931999742985,0.00415237108245492,-0.03165285289287567,0.0046798656694591045,0.0017140000127255917,1.1398272514343262,1
3.1999999999999758,0.005654931999742985,0.00415237108245492,-0.03165285289287567,0.0046798656694591045,0.0017140000127255917,1.1398272514343262,1
3.2099999999999755,0.005654931999742985,0.00415237108245492,-0.03165285289287567,0.0046798656694591045,0.0017140000127255917,1.1398272514343262,1
3.2199999999999753,0.005654931999742985,0.00415237108245492,-0.03165285289287567,0.0046798656694591045,0.0017140000127255917,1.1398272514343262,1
3.229999999999975,0.005654931999742985,0.00415237108245492,-0.03165285289287567,0.0046798656694591045,0.0017140000127255917,1.1398272514343262,1
3.239999999999975,0.005654931999742985,0.00415237108245492,-0.03165285289287567,0.0046798656694591045,0.0017140000127255917,1.1398272514343262,1
3.2499999999999747,0.005654931999742985,0.00415237108245492,-0.03165285289287567,0.0046798656694591045,0.0017140000127255917,1.1398272514343262,1
3.2599999999999745,-0.051074620336294174,0.043520864099264145,0.004321603570133448,0.0736289843916893,-0.0046515814028680325,1.1407099962234497,1
3.2699999999999743,-0.051074620336294174,0.043520864099264145,0.004321603570133448,0.0736289843916893,-0.0046515814028680325,1.1407099962234497,1
3.279999999999974,-0.051074620336294174,0.043520864099264145,0.004321603570133448,0.0736289843916893,-0.0046515814028680325,1.1407099962234497,1
3.289999999999974,-0.051074620336294174,0.043520864099264145,0.004321603570133448,0.0736289843916893,-0.0046515814028680325,1.1407099962234497,1
3.2999999999999736,-0.051074620336294174,0.043520864099264145,0.004321603570133448,0.0736289843916893,-0.0046515814028680325,1.1407099962234497,1
3.3099999999999734,-0.051074620336294174,0.043520864099264145,0.004321603570133448,0.0736289843916893,-0.0046515814028680325,1.1407099962234497,1
3.319999999999973,-0.051074620336294174,0.043520864099264145,0.004321603570133448,0.0736289843916893,-0.0046515814028680325,1.1407099962234497,1
3.329999999999973,-0.051074620336294174,0.043520864099264145,0.004321603570133448,0.0736289843916893,-0.0046515814028680325,1.1407099962234497,1
3.3399999999999728,-0.051074620336294174,0.043520864099264145,0.004321603570133448,0.0736289843916893,-0.0046515814028680325,1.1407099962234497,1
3.3499999999999726,-0.051074620336294174,0.043520864099264145,0.004321603570133448,0.0736289843916893,-0.0046515814028680325,1.1407099962234497,1
3.3599999999999723,-0.051074620336294174,0.043520864099264145,0.004321603570133448,0.0736289843916893,-0.0046515814028680325,1.1407099962234497,1
3.369999999999972,-0.051074620336294174,0.043520864099264145,0.004321603570133448,0.0736289843916893,-0.0046515814028680325,1.1407099962234497,1
3.379999999999972,-0.051074620336294174,0.043520864099264145,0.004321603570133448,0.0736289843916893,-0.0046515814028680325,1.1407099962234497,1
3.3899999999999717,-0.051074620336294174,0.043520864099264145,0.004321603570133448,0.0736289843916893,-0.0046515814028680325,1.1407099962234497,1
3.3999999999999715,-0.051074620336294174,0.043520864099264145,0.004321603570133448,0.0736289843916893,-0.0046515814028680325,1.1407099962234497,1
3.4099999999999713,-0.051074620336294174,0.043520864099264145,0.004321603570133448,0.0736289843916893,-0.0046515814028680325,1.1407099962234497,1
3.419999999999971,-0.051074620336294174,0.043520864099264145,0.004321603570133448,0.0736289843916893,-0.0046515814028680325,1.1407099962234497,1
3.429999999999971,-0.1802421510219574,0.11902191489934921,0.007622589357197285,0.08278469741344452,-0.0029913473408669233,1.140364646911621,1
3.4399999999999706,-0.1802421510219574,0.11902191489934921,0.007622589357197285,0.08278469741344452,-0.0029913473408669233,1.140364646911621,1
3.4499999999999704,-0.1802421510219574,0.11902191489934921,0.007622589357197285,0.08278469741344452,-0.0029913473408669233,1.140364646911621,1
3.45999999999997,-0.1802421510219574,0.11902191489934921,0.007622589357197285,0.08278469741344452,-0.0029913473408669233,1.140364646911621,1
3.46999999999997,-0.1802421510219574,0.11902191489934921,0.007622589357197285,0.08278469741344452,-0.0029913473408669233,1.140364646911621,1
3.47999999999997,-0.1802421510219574,0.11902191489934921,0.007622589357197285,0.08278469741344452,-0.0029913473408669233,1.140364646911621,1
3.4899999999999696,-0.1802421510219574,0.11902191489934921,0.007622589357197285,0.08278469741344452,-0.0029913473408669233,1.140364646911621,1
3.4999999999999694,-0.1802421510219574,0.11902191489934921,0.007622589357197285,0.08278469741344452,-0.0029913473408669233,1.140364646911621,1
3.509999999999969,-0.1802421510219574,0.11902191489934921,0.007622589357197285,0.08278469741344452,-0.0029913473408669233,1.140364646911621,1
3.519999999999969,-0.1802421510219574,0.11902191489934921,0.007622589357197285,0.08278469741344452,-0.0029913473408669233,1.140364646911621,1
3.5299999999999687,-0.1802421510219574,0.11902191489934921,0.007622589357197285,0.08278469741344452,-0.0029913473408669233,1.140364646911621,1
3.5399999999999685,-0.1802421510219574,0.11902191489934921,0.007622589357197285,0.08278469741344452,-0.0029913473408669233,1.140364646911621,1
3.5499999999999683,-0.1802421510219574,0.11902191489934921,0.007622589357197285,0.08278469741344452,-0.0029913473408669233,1.140364646911621,1
3.559999999999968,-0.1802421510219574,0.11902191489934921,0.007622589357197285,0.08278469741344452,-0.0029913473408669233,1.140364646911621,1
3.569999999999968,-0.1802421510219574,0.11902191489934921,0.007622589357197285,0.08278469741344452,-0.0029913473408669233,1.140364646911621,1
3.5799999999999677,-0.1802421510219574,0.11902191489934921,0.007622589357197285,0.08278469741344452,-0.0029913473408669233,1.140364646911621,1
3.5899999999999674,-0.1802421510219574,0.11902191489934921,0.007622589357197285,0.08278469741344452,-0.0029913473408669233,1.140364646911621,1
3.5999999999999672,-0.1802421510219574,0.11902191489934921,0.007622589357197285,0.08278469741344452,-0.0029913473408669233,1.140364646911621,1
3.609999999999967,-0.3022754192352295,0.19814452528953552,0.005885986145585775,0.08151943236589432,-0.002261282643303275,1.1390554904937744,1
3.619999999999967,-0.3022754192352295,0.19814452528953552,0.005885986145585775,0.08151943236589432,-0.002261282643303275,1.1390554904937744,1
3.6299999999999666,-0.3022754192352295,0.19814452528953552,0.005885986145585775,0.08151943236589432,-0.002261282643303275,1.1390554904937744,1
3.6399999999999664,-0.3022754192352295,0.19814452528953552,0.005885986145585775,0.08151943236589432,-0.002261282643303275,1.1390554904937744,1
3.649999999999966,-0.3022754192352295,0.19814452528953552,0.005885986145585775,0.08151943236589432,-0.002261282643303275,1.1390554904937744,1
3.659999999999966,-0.3022754192352295,0.19814452528953552,0.005885986145585775,0.08151943236589432,-0.002261282643303275,1.1390554904937744,1
3.6699999999999657,-0.3022754192352295,0.19814452528953552,0.005885986145585775,0.08151943236589432,-0.002261282643303275,1.1390554904937744,1
3.6799999999999655,-0.3022754192352295,0.19814452528953552,0.005885986145585775,0.08151943236589432,-0.002261282643303275,1.1390554904937744,1
3.6899999999999653,-0.3022754192352295,0.19814452528953552,0.005885986145585775,0.08151943236589432,-0.002261282643303275,1.1390554904937744,1
3.699999999999965,-0.3022754192352295,0.19814452528953552,0.005885986145585775,0.08151943236589432,-0.002261282643303275,1.1390554904937744,1
3.709999999999965,-0.3022754192352295,0.19814452528953552,0.005885986145585775,0.08151943236589432,-0.002261282643303275,1.1390554904937744,1
3.7199999999999647,-0.3022754192352295,0.19814452528953552,0.005885986145585775,0.08151943236589432,-0.002261282643303275,1.1390554904937744,1
3.7299999999999645,-0.3022754192352295,0.19814452528953552,0.005885986145585775,0.08151943236589432,-0.002261282643303275,1.1390554904937744,1
3.7399999999999642,-0.3022754192352295,0.19814452528953552,0.005885986145585775,0.08151943236589432,-0.002261282643303275,1.1390554904937744,1
3.749999999999964,-0.4176074266433716,0.2803540527820587,-0.001188635011203587,0.08314187824726105,-0.0041160923428833485,1.1358956098556519,1
3.759999999999964,-0.4176074266433716,0.2803540527820587,-0.001188635011203587,0.08314187824726105,-0.0041160923428833485,1.1358956098556519,1
3.7699999999999636,-0.4176074266433716,0.2803540527820587,-0.001188635011203587,0.08314187824726105,-0.0041160923428833485,1.1358956098556519,1
3.7799999999999634,-0.4176074266433716,0.2803540527820587,-0.001188635011203587,0.08314187824726105,-0.0041160923428833485,1.1358956098556519,1
3.789999999999963,-0.4176074266433716,0.2803540527820587,-0.001188635011203587,0.08314187824726105,-0.0041160923428833485,1.1358956098556519,1
3.799999999999963,-0.4176074266433716,0.2803540527820587,-0.001188635011203587,0.08314187824726105,-0.0041160923428833485,1.1358956098556519,1
3.8099999999999627,-0.4176074266433716,0.2803540527820587,-0.001188635011203587,0.08314187824726105,-0.0041160923428833485,1.1358956098556519,1
3.8199999999999625,-0.4176074266433716,0.2803540527820587,-0.001188635011203587,0.08314187824726105,-0.0041160923428833485,1.1358956098556519,1
3.8299999999999623,-0.4176074266433716,0.2803540527820587,-0.001188635011203587,0.08314187824726105,-0.0041160923428833485,1.1358956098556519,1
3.839999999999962,-0.4176074266433716,0.2803540527820587,-0.001188635011203587,0.08314187824726105,-0.0041160923428833485,1.1358956098556519,1
3.849999999999962,-0.4176074266433716,0.2803540527820587,-0.001188635011203587,0.08314187824726105,-0.0041160923428833485,1.1358956098556519,1
3.8599999999999617,-0.4176074266433716,0.2803540527820587,-0.001188635011203587,0.08314187824726105,-0.0041160923428833485,1.1358956098556519,1
3.8699999999999615,-0.4176074266433716,0.2803540527820587,-0.001188635011203587,0.08314187824726105,-0.0041160923428833485,1.1358956098556519,1
3.8799999999999613,-0.4176074266433716,0.2803540527820587,-0.001188635011203587,0.08314187824726105,-0.0041160923428833485,1.1358956098556519,1
3.889999999999961,-0.4176074266433716,0.2803540527820587,-0.001188635011203587,0.08314187824726105,-0.0041160923428833485,1.1358956098556519,1
3.899999999999961,-0.4176074266433716,0.2803540527820587,-0.001188635011203587,0.08314187824726105,-0.0041160923428833485,1.1358956098556519,1
3.9099999999999606,-0.4176074266433716,0.2803540527820587,-0.001188635011203587,0.08314187824726105,-0.0041160923428833485,1.1358956098556519,1
3.9199999999999604,-0.5112925171852112,0.33820948004722595,0.22788499295711517,0.07581588625907898,0.010478363372385502,1.1326099634170532,1
3.92999999999996,-0.5112925171852112,0.33820948004722595,0.22788499295711517,0.07581588625907898,0.010478363372385502,1.1326099634170532,1
3.93999999999996,-0.5112925171852112,0.33820948004722595,0.22788499295711517,0.07581588625907898,0.010478363372385502,1.1326099634170532,1
3.9499999999999598,-0.5112925171852112,0.33820948004722595,0.22788499295711517,0.07581588625907898,0.010478363372385502,1.1326099634170532,1
3.9599999999999596,-0.5112925171852112,0.33820948004722595,0.22788499295711517,0.07581588625907898,0.010478363372385502,1.1326099634170532,1
3.9699999999999593,-0.5112925171852112,0.33820948004722595,0.22788499295711517,0.07581588625907898,0.010478363372385502,1.1326099634170532,1
3.979999999999959,-0.5112925171852112,0.33820948004722595,0.22788499295711517,0.07581588625907898,0.010478363372385502,1.1326099634170532,1
3.989999999999959,-0.5112925171852112,0.33820948004722595,0.22788499295711517,0.07581588625907898,0.010478363372385502,1.1326099634170532,1
3.9999999999999587,-0.5112925171852112,0.33820948004722595,0.22788499295711517,0.07581588625907898,0.010478363372385502,1.1326099634170532,1
4.009999999999959,-0.5112925171852112,0.33820948004722595,0.22788499295711517,0.07581588625907898,0.010478363372385502,1.1326099634170532,1
4.019999999999959,-0.5112925171852112,0.33820948004722595,0.22788499295711517,0.07581588625907898,0.010478363372385502,1.1326099634170532,1
4.0299999999999585,-0.5112925171852112,0.33820948004722595,0.22788499295711517,0.07581588625907898,0.010478363372385502,1.1326099634170532,1
4.039999999999958,-0.5112925171852112,0.33820948004722595,0.22788499295711517,0.07581588625907898,0.010478363372385502,1.1326099634170532,1
4.049999999999958,-0.5112925171852112,0.33820948004722595,0.22788499295711517,0.07581588625907898,0.010478363372385502,1.1326099634170532,1
4.059999999999958,-0.5112925171852112,0.33820948004722595,0.22788499295711517,0.07581588625907898,0.010478363372385502,1.1326099634170532,1
4.069999999999958,-0.5112925171852112,0.33820948004722595,0.22788499295711517,0.07581588625907898,0.010478363372385502,1.1326099634170532,1
4.079999999999957,-0.5112925171852112,0.33820948004722595,0.22788499295711517,0.07581588625907898,0.010478363372385502,1.1326099634170532,1
4.089999999999957,-0.5112925171852112,0.33820948004722595,0.22788499295711517,0.07581588625907898,0.010478363372385502,1.1326099634170532,1
4.099999999999957,-0.48008930683135986,0.3039931356906891,0.5848616361618042,-0.10510202497243881,0.010166470892727375,1.1249961853027344,1
4.109999999999957,-0.48008930683135986,0.3039931356906891,0.5848616361618042,-0.10510202497243881,0.010166470892727375,1.1249961853027344,1
4.119999999999957,-0.48008930683135986,0.3039931356906891,0.5848616361618042,-0.10510202497243881,0.010166470892727375,1.1249961853027344,1
4.129999999999956,-0.48008930683135986,0.3039931356906891,0.5848616361618042,-0.10510202497243881,0.010166470892727375,1.1249961853027344,1
4.139999999999956,-0.48008930683135986,0.3039931356906891,0.5848616361618042,-0.10510202497243881,0.010166470892727375,1.1249961853027344,1
4.149999999999956,-0.48008930683135986,0.3039931356906891,0.5848616361618042,-0.10510202497243881,0.010166470892727375,1.1249961853027344,1
4.159999999999956,-0.48008930683135986,0.3039931356906891,0.5848616361618042,-0.10510202497243881,0.010166470892727375,1.1249961853027344,1
4.1699999999999555,-0.48008930683135986,0.3039931356906891,0.5848616361618042,-0.10510202497243881,0.010166470892727375,1.1249961853027344,1
4.179999999999955,-0.48008930683135986,0.3039931356906891,0.5848616361618042,-0.10510202497243881,0.010166470892727375,1.1249961853027344,1
4.189999999999955,-0.48008930683135986,0.3039931356906891,0.5848616361618042,-0.10510202497243881,0.010166470892727375,1.1249961853027344,1
4.199999999999955,-0.48008930683135986,0.3039931356906891,0.5848616361618042,-0.10510202497243881,0.010166470892727375,1.1249961853027344,1
4.209999999999955,-0.48008930683135986,0.3039931356906891,0.5848616361618042,-0.10510202497243881,0.010166470892727375,1.1249961853027344,1
4.2199999999999545,-0.48008930683135986,0.3039931356906891,0.5848616361618042,-0.10510202497243881,0.010166470892727375,1.1249961853027344,1
4.229999999999954,-0.48008930683135986,0.3039931356906891,0.5848616361618042,-0.10510202497243881,0.010166470892727375,1.1249961853027344,1
4.239999999999954,-0.48008930683135986,0.3039931356906891,0.5848616361618042,-0.10510202497243881,0.010166470892727375,1.1249961853027344,1
4.249999999999954,-0.48008930683135986,0.3039931356906891,0.5848616361618042,-0.10510202497243881,0.010166470892727375,1.1249961853027344,1
4.259999999999954,-0.48008930683135986,0.3039931356906891,0.5848616361618042,-0.10510202497243881,0.010166470892727375,1.1249961853027344,1
4.269999999999953,-0.20882512629032135,0.13159282505512238,0.5292690992355347,-0.09657115489244461,-0.030135752633213997,0.6789243221282959,1
4.279999999999953,-0.20882512629032135,0.13159282505512238,0.5292690992355347,-0.09657115489244461,-0.030135752633213997,0.6789243221282959,1
4.289999999999953,-0.20882512629032135,0.13159282505512238,0.5292690992355347,-0.09657115489244461,-0.030135752633213997,0.6789243221282959,1
4.299999999999953,-0.20882512629032135,0.13159282505512238,0.5292690992355347,-0.09657115489244461,-0.030135752633213997,0.6789243221282959,1
4.3099999999999525,-0.20882512629032135,0.13159282505512238,0.5292690992355347,-0.09657115489244461,-0.030135752633213997,0.6789243221282959,1
4.319999999999952,-0.20882512629032135,0.13159282505512238,0.5292690992355347,-0.09657115489244461,-0.030135752633213997,0.6789243221282959,1
4.329999999999952,-0.20882512629032135,0.13159282505512238,0.5292690992355347,-0.09657115489244461,-0.030135752633213997,0.6789243221282959,1
4.339999999999952,-0.20882512629032135,0.13159282505512238,0.5292690992355347,-0.09657115489244461,-0.030135752633213997,0.6789243221282959,1
4.349999999999952,-0.20882512629032135,0.13159282505512238,0.5292690992355347,-0.09657115489244461,-0.030135752633213997,0.6789243221282959,1
4.3599999999999515,-0.20882512629032135,0.13159282505512238,0.5292690992355347,-0.09657115489244461,-0.030135752633213997,0.6789243221282959,1
4.369999999999951,-0.20882512629032135,0.13159282505512238,0.5292690992355347,-0.09657115489244461,-0.030135752633213997,0.6789243221282959,1
4.379999999999951,-0.20882512629032135,0.13159282505512238,0.5292690992355347,-0.09657115489244461,-0.030135752633213997,0.6789243221282959,1
4.389999999999951,-0.20882512629032135,0.13159282505512238,0.5292690992355347,-0.09657115489244461,-0.030135752633213997,0.6789243221282959,1
4.399999999999951,-0.20882512629032135,0.13159282505512238,0.5292690992355347,-0.09657115489244461,-0.030135752633213997,0.6789243221282959,1
4.40999999999995,-0.20882512629032135,0.13159282505512238,0.5292690992355347,-0.09657115489244461,-0.030135752633213997,0.6789243221282959,1
4.41999999999995,-0.20882512629032135,0.13159282505512238,0.5292690992355347,-0.09657115489244461,-0.030135752633213997,0.6789243221282959,1
4.42999999999995,-0.20882512629032135,0.13159282505512238,0.5292690992355347,-0.09657115489244461,-0.030135752633213997,0.6789243221282959,1
4.43999999999995,-0.06229206919670105,0.11133279651403427,0.4792240560054779,-0.09657115489244461,-0.030135752633213997,0.6789243221282959,1
4.4499999999999496,-0.06229206919670105,0.11133279651403427,0.4792240560054779,-0.023337114602327347,-0.0031984918750822544,0.6814314723014832,1
4.459999999999949,-0.06229206919670105,0.11133279651403427,0.4792240560054779,-0.023337114602327347,-0.0031984918750822544,0.6814314723014832,1
4.469999999999949,-0.06229206919670105,0.11133279651403427,0.4792240560054779,-0.023337114602327347,-0.0031984918750822544,0.6814314723014832,1
4.479999999999949,-0.06229206919670105,0.11133279651403427,0.4792240560054779,-0.023337114602327347,-0.0031984918750822544,0.6814314723014832,1
4.489999999999949,-0.06229206919670105,0.11133279651403427,0.4792240560054779,-0.023337114602327347,-0.0031984918750822544,0.6814314723014832,1
4.4999999999999485,-0.06229206919670105,0.11133279651403427,0.4792240560054779,-0.023337114602327347,-0.0031984918750822544,0.6814314723014832,1
4.509999999999948,-0.06229206919670105,0.11133279651403427,0.4792240560054779,-0.023337114602327347,-0.0031984918750822544,0.6814314723014832,1
4.519999999999948,-0.06229206919670105,0.11133279651403427,0.4792240560054779,-0.023337114602327347,-0.0031984918750822544,0.6814314723014832,1
4.529999999999948,-0.06229206919670105,0.11133279651403427,0.4792240560054779,-0.023337114602327347,-0.0031984918750822544,0.6814314723014832,1
4.539999999999948,-0.06229206919670105,0.11133279651403427,0.4792240560054779,-0.023337114602327347,-0.0031984918750822544,0.6814314723014832,1
4.549999999999947,-0.06229206919670105,0.11133279651403427,0.4792240560054779,-0.023337114602327347,-0.0031984918750822544,0.6814314723014832,1
4.559999999999947,-0.06229206919670105,0.11133279651403427,0.4792240560054779,-0.023337114602327347,-0.0031984918750822544,0.6814314723014832,1
4.569999999999947,-0.06229206919670105,0.11133279651403427,0.4792240560054779,-0.023337114602327347,-0.0031984918750822544,0.6814314723014832,1
4.579999999999947,-0.06229206919670105,0.11133279651403427,0.4792240560054779,-0.023337114602327347,-0.0031984918750822544,0.6814314723014832,1
4.589999999999947,-0.06229206919670105,0.11133279651403427,0.4792240560054779,-0.023337114602327347,-0.0031984918750822544,0.6814314723014832,1
4.599999999999946,-0.06229206919670105,0.11133279651403427,0.4792240560054779,-0.023337114602327347,-0.0031984918750822544,0.6814314723014832,1
4.609999999999946,-0.06229206919670105,0.11133279651403427,0.4792240560054779,-0.023337114602327347,-0.0031984918750822544,0.6814314723014832,1
4.619999999999946,-0.02177882194519043,0.03182069584727287,0.41632723808288574,-0.018605226650834084,-0.0115442406386137,-0.6221203207969666,1
4.629999999999946,-0.02177882194519043,0.03182069584727287,0.41632723808288574,-0.018605226650834084,-0.0115442406386137,-0.6221203207969666,1
4.6399999999999455,-0.02177882194519043,0.03182069584727287,0.41632723808288574,-0.018605226650834084,-0.0115442406386137,-0.6221203207969666,1
4.649999999999945,-0.02177882194519043,0.03182069584727287,0.41632723808288574,-0.018605226650834084,-0.0115442406386137,-0.6221203207969666,1
4.659999999999945,-0.02177882194519043,0.03182069584727287,0.41632723808288574,-0.018605226650834084,-0.0115442406386137,-0.6221203207969666,1
4.669999999999945,-0.02177882194519043,0.03182069584727287,0.41632723808288574,-0.018605226650834084,-0.0115442406386137,-0.6221203207969666,1
4.679999999999945,-0.02177882194519043,0.03182069584727287,0.41632723808288574,-0.018605226650834084,-0.0115442406386137,-0.6221203207969666,1
4.689999999999944,-0.02177882194519043,0.03182069584727287,0.41632723808288574,-0.018605226650834084,-0.0115442406386137,-0.6221203207969666,1
4.699999999999944,-0.02177882194519043,0.03182069584727287,0.41632723808288574,-0.018605226650834084,-0.0115442406386137,-0.6221203207969666,1
4.709999999999944,-0.02177882194519043,0.03182069584727287,0.41632723808288574,-0.018605226650834084,-0.0115442406386137,-0.6221203207969666,1
4.719999999999944,-0.02177882194519043,0.03182069584727287,0.41632723808288574,-0.018605226650834084,-0.0115442406386137,-0.6221203207969666,1
4.729999999999944,-0.02177882194519043,0.03182069584727287,0.41632723808288574,-0.018605226650834084,-0.0115442406386137,-0.6221203207969666,1
4.739999999999943,-0.02177882194519043,0.03182069584727287,0.41632723808288574,-0.018605226650834084,-0.0115442406386137,-0.6221203207969666,1
4.749999999999943,-0.02177882194519043,0.03182069584727287,0.41632723808288574,-0.018605226650834084,-0.0115442406386137,-0.6221203207969666,1
4.759999999999943,-0.02177882194519043,0.03182069584727287,0.41632723808288574,-0.018605226650834084,-0.0115442406386137,-0.6221203207969666,1
4.769999999999943,-0.02177882194519043,0.03182069584727287,0.41632723808288574,-0.018605226650834084,-0.0115442406386137,-0.6221203207969666,1
4.7799999999999425,0.010796237736940384,-0.02514936402440071,0.3462147116661072,-0.0007736016996204853,0.012968135997653008,-0.6420753002166748,1
4.789999999999942,0.010796237736940384,-0.02514936402440071,0.3462147116661072,-0.0007736016996204853,0.012968135997653008,-0.6420753002166748,1
4.799999999999942,0.010796237736940384,-0.02514936402440071,0.3462147116661072,-0.0007736016996204853,0.012968135997653008,-0.6420753002166748,1
4.809999999999942,0.010796237736940384,-0.02514936402440071,0.3462147116661072,-0.0007736016996204853,0.012968135997653008,-0.6420753002166748,1
4.819999999999942,0.010796237736940384,-0.02514936402440071,0.3462147116661072,-0.0007736016996204853,0.012968135997653008,-0.6420753002166748,1
4.8299999999999415,0.010796237736940384,-0.02514936402440071,0.3462147116661072,-0.0007736016996204853,0.012968135997653008,-0.6420753002166748,1
4.839999999999941,0.010796237736940384,-0.02514936402440071,0.3462147116661072,-0.0007736016996204853,0.012968135997653008,-0.6420753002166748,1
4.849999999999941,0.010796237736940384,-0.02514936402440071,0.3462147116661072,-0.0007736016996204853,0.012968135997653008,-0.6420753002166748,1
4.859999999999941,0.010796237736940384,-0.02514936402440071,0.3462147116661072,-0.0007736016996204853,0.012968135997653008,-0.6420753002166748,1
4.869999999999941,0.010796237736940384,-0.02514936402440071,0.3462147116661072,-0.0007736016996204853,0.012968135997653008,-0.6420753002166748,1
4.87999999999994,0.010796237736940384,-0.02514936402440071,0.3462147116661072,-0.0007736016996204853,0.012968135997653008,-0.6420753002166748,1
4.88999999999994,0.010796237736940384,-0.02514936402440071,0.3462147116661072,-0.0007736016996204853,0.012968135997653008,-0.6420753002166748,1
4.89999999999994,0.010796237736940384,-0.02514936402440071,0.3462147116661072,-0.0007736016996204853,0.012968135997653008,-0.6420753002166748,1
4.90999999999994,0.010796237736940384,-0.02514936402440071,0.3462147116661072,-0.0007736016996204853,0.012968135997653008,-0.6420753002166748,1
4.9199999999999395,0.010796237736940384,-0.02514936402440071,0.3462147116661072,-0.0007736016996204853,0.012968135997653008,-0.6420753002166748,1
4.929999999999939,0.010796237736940384,-0.02514936402440071,0.3462147116661072,-0.0007736016996204853,0.012968135997653008,-0.6420753002166748,1
4.939999999999939,0.010796237736940384,-0.02514936402440071,0.3462147116661072,-0.0007736016996204853,0.012968135997653008,-0.6420753002166748,1
4.949999999999939,-0.004030320793390274,-0.025625737383961678,0.2803395390510559,0.002995639806613326,0.026001669466495514,-0.6633929014205933,1
4.959999999999939,-0.004030320793390274,-0.025625737383961678,0.2803395390510559,0.002995639806613326,0.026001669466495514,-0.6633929014205933,1
4.9699999999999385,-0.004030320793390274,-0.025625737383961678,0.2803395390510559,0.002995639806613326,0.026001669466495514,-0.6633929014205933,1
4.979999999999938,-0.004030320793390274,-0.025625737383961678,0.2803395390510559,0.002995639806613326,0.026001669466495514,-0.6633929014205933,1
4.989999999999938,-0.004030320793390274,-0.025625737383961678,0.2803395390510559,0.002995639806613326,0.026001669466495514,-0.6633929014205933,1
4.999999999999938,-0.004030320793390274,-0.025625737383961678,0.2803395390510559,0.002995639806613326,0.026001669466495514,-0.6633929014205933,1
5.009999999999938,-0.004030320793390274,-0.025625737383961678,0.2803395390510559,0.002995639806613326,0.026001669466495514,-0.6633929014205933,1
5.019999999999937,-0.004030320793390274,-0.025625737383961678,0.2803395390510559,0.002995639806613326,0.026001669466495514,-0.6633929014205933,1
5.029999999999937,-0.004030320793390274,-0.025625737383961678,0.2803395390510559,0.002995639806613326,0.026001669466495514,-0.6633929014205933,1
5.039999999999937,-0.004030320793390274,-0.025625737383961678,0.2803395390510559,0.002995639806613326,0.026001669466495514,-0.6633929014205933,1
5.049999999999937,-0.004030320793390274,-0.025625737383961678,0.2803395390510559,0.002995639806613326,0.026001669466495514,-0.6633929014205933,1
5.0599999999999365,-0.004030320793390274,-0.025625737383961678,0.2803395390510559,0.002995639806613326,0.026001669466495514,-0.6633929014205933,1
5.069999999999936,-0.004030320793390274,-0.025625737383961678,0.2803395390510559,0.002995639806613326,0.026001669466495514,-0.6633929014205933,1
5.079999999999936,-0.004030320793390274,-0.025625737383961678,0.2803395390510559,0.002995639806613326,0.026001669466495514,-0.6633929014205933,1
5.089999999999936,-0.004030320793390274,-0.025625737383961678,0.2803395390510559,0.002995639806613326,0.026001669466495514,-0.6633929014205933,1
5.099999999999936,-0.004030320793390274,-0.025625737383961678,0.2803395390510559,0.002995639806613326,0.026001669466495514,-0.6633929014205933,1
5.1099999999999355,-0.004030320793390274,-0.025625737383961678,0.2803395390510559,0.002995639806613326,0.026001669466495514,-0.6633929014205933,1
5.119999999999935,-0.004030320793390274,-0.025625737383961678,0.2803395390510559,0.002995639806613326,0.026001669466495514,-0.6633929014205933,1
5.129999999999935,-0.01851588301360607,-0.007647023070603609,0.2949369549751282,0.006410251371562481,0.026031216606497765,-0.6828998327255249,1
5.139999999999935,-0.01851588301360607,-0.007647023070603609,0.2949369549751282,0.006410251371562481,0.026031216606497765,-0.6828998327255249,1
5.149999999999935,-0.01851588301360607,-0.007647023070603609,0.2949369549751282,0.006410251371562481,0.026031216606497765,-0.6828998327255249,1
5.159999999999934,-0.01851588301360607,-0.007647023070603609,0.2949369549751282,0.006410251371562481,0.026031216606497765,-0.6828998327255249,1
5.169999999999934,-0.01851588301360607,-0.007647023070603609,0.2949369549751282,0.006410251371562481,0.026031216606497765,-0.6828998327255249,1
5.179999999999934,-0.01851588301360607,-0.007647023070603609,0.2949369549751282,0.006410251371562481,0.026031216606497765,-0.6828998327255249,1
5.189999999999934,-0.01851588301360607,-0.007647023070603609,0.2949369549751282,0.006410251371562481,0.026031216606497765,-0.6828998327255249,1
5.199999999999934,-0.01851588301360607,-0.007647023070603609,0.2949369549751282,0.006410251371562481,0.026031216606497765,-0.6828998327255249,1
5.209999999999933,-0.01851588301360607,-0.007647023070603609,0.2949369549751282,0.006410251371562481,0.026031216606497765,-0.6828998327255249,1
5.219999999999933,-0.01851588301360607,-0.007647023070603609,0.2949369549751282,0.006410251371562481,0.026031216606497765,-0.6828998327255249,1
5.229999999999933,-0.01851588301360607,-0.007647023070603609,0.2949369549751282,0.006410251371562481,0.026031216606497765,-0.6828998327255249,1
5.239999999999933,-0.01851588301360607,-0.007647023070603609,0.2949369549751282,0.006410251371562481,0.026031216606497765,-0.6828998327255249,1
5.2499999999999325,-0.01851588301360607,-0.007647023070603609,0.2949369549751282,0.006410251371562481,0.026031216606497765,-0.6828998327255249,1
5.259999999999932,-0.01851588301360607,-0.007647023070603609,0.2949369549751282,0.006410251371562481,0.026031216606497765,-0.6828998327255249,1
5.269999999999932,-0.01851588301360607,-0.007647023070603609,0.2949369549751282,0.006410251371562481,0.026031216606497765,-0.6828998327255249,1
5.279999999999932,-0.01851588301360607,-0.007647023070603609,0.2949369549751282,0.006410251371562481,0.026031216606497765,-0.6828998327255249,1
5.289999999999932,-0.01851588301360607,-0.007647023070603609,0.2949369549751282,0.006410251371562481,0.026031216606497765,-0.6828998327255249,1
5.299999999999931,-0.01851588301360607,-0.007647023070603609,0.2949369549751282,0.006410251371562481,0.026031216606497765,-0.6828998327255249,1
5.309999999999931,-0.027256319299340248,0.002622161293402314,0.3221551477909088,0.0026774792931973934,0.01374030951410532,-0.6999154090881348,1
5.319999999999931,-0.027256319299340248,0.002622161293402314,0.3221551477909088,0.0026774792931973934,0.01374030951410532,-0.6999154090881348,1
5.329999999999931,-0.027256319299340248,0.002622161293402314,0.3221551477909088,0.0026774792931973934,0.01374030951410532,-0.6999154090881348,1
5.339999999999931,-0.027256319299340248,0.002622161293402314,0.3221551477909088,0.0026774792931973934,0.01374030951410532,-0.6999154090881348,1
5.34999999999993,-0.027256319299340248,0.002622161293402314,0.3221551477909088,0.0026774792931973934,0.01374030951410532,-0.6999154090881348,1
5.35999999999993,-0.027256319299340248,0.002622161293402314,0.3221551477909088,0.0026774792931973934,0.01374030951410532,-0.6999154090881348,1
5.36999999999993,-0.027256319299340248,0.002622161293402314,0.3221551477909088,0.0026774792931973934,0.01374030951410532,-0.6999154090881348,1
5.37999999999993,-0.027256319299340248,0.002622161293402314,0.3221551477909088,0.0026774792931973934,0.01374030951410532,-0.6999154090881348,1
5.3899999999999295,-0.027256319299340248,0.002622161293402314,0.3221551477909088,0.0026774792931973934,0.01374030951410532,-0.6999154090881348,1
5.399999999999929,-0.027256319299340248,0.002622161293402314,0.3221551477909088,0.0026774792931973934,0.01374030951410532,-0.6999154090881348,1
5.409999999999929,-0.027256319299340248,0.002622161293402314,0.3221551477909088,0.0026774792931973934,0.01374030951410532,-0.6999154090881348,1
5.419999999999929,-0.027256319299340248,0.002622161293402314,0.3221551477909088,0.0026774792931973934,0.01374030951410532,-0.6999154090881348,1
5.429999999999929,-0.027256319299340248,0.002622161293402314,0.3221551477909088,0.0026774792931973934,0.01374030951410532,-0.6999154090881348,1
5.4399999999999284,-0.027256319299340248,0.002622161293402314,0.3221551477909088,0.0026774792931973934,0.01374030951410532,-0.6999154090881348,1
5.449999999999928,-0.03755521401762962,0.007315443363040686,0.31368526816368103,0.0014776188181713223,0.030951622873544693,-0.7167707085609436,1
5.459999999999928,-0.03755521401762962,0.007315443363040686,0.31368526816368103,0.0014776188181713223,0.030951622873544693,-0.7167707085609436,1
5.469999999999928,-0.03755521401762962,0.007315443363040686,0.31368526816368103,0.0014776188181713223,0.030951622873544693,-0.7167707085609436,1
5.479999999999928,-0.03755521401762962,0.007315443363040686,0.31368526816368103,0.0014776188181713223,0.030951622873544693,-0.7167707085609436,1
5.489999999999927,-0.03755521401762962,0.007315443363040686,0.31368526816368103,0.0014776188181713223,0.030951622873544693,-0.7167707085609436,1
5.499999999999927,-0.03755521401762962,0.007315443363040686,0.31368526816368103,0.0014776188181713223,0.030951622873544693,-0.7167707085609436,1
5.509999999999927,-0.03755521401762962,0.007315443363040686,0.31368526816368103,0.0014776188181713223,0.030951622873544693,-0.7167707085609436,1
5.519999999999927,-0.03755521401762962,0.007315443363040686,0.31368526816368103,0.0014776188181713223,0.030951622873544693,-0.7167707085609436,1
5.5299999999999265,-0.03755521401762962,0.007315443363040686,0.31368526816368103,0.0014776188181713223,0.030951622873544693,-0.7167707085609436,1
5.539999999999926,-0.03755521401762962,0.007315443363040686,0.31368526816368103,0.0014776188181713223,0.030951622873544693,-0.7167707085609436,1
5.549999999999926,-0.03755521401762962,0.007315443363040686,0.31368526816368103,0.0014776188181713223,0.030951622873544693,-0.7167707085609436,1
5.559999999999926,-0.03755521401762962,0.007315443363040686,0.31368526816368103,0.0014776188181713223,0.030951622873544693,-0.7167707085609436,1
5.569999999999926,-0.03755521401762962,0.007315443363040686,0.31368526816368103,0.0014776188181713223,0.030951622873544693,-0.7167707085609436,1
5.5799999999999255,-0.03755521401762962,0.007315443363040686,0.31368526816368103,0.0014776188181713223,0.030951622873544693,-0.7167707085609436,1
5.589999999999925,-0.03755521401762962,0.007315443363040686,0.31368526816368103,0.0014776188181713223,0.030951622873544693,-0.7167707085609436,1
5.599999999999925,-0.03755521401762962,0.007315443363040686,0.31368526816368103,0.0014776188181713223,0.030951622873544693,-0.7167707085609436,1
5.609999999999925,-0.03755521401762962,0.007315443363040686,0.31368526816368103,0.0014776188181713223,0.030951622873544693,-0.7167707085609436,1
5.619999999999925,-0.03181499242782593,0.08340094238519669,0.2105352133512497,0.018088653683662415,0.033020585775375366,-0.6588836908340454,1
5.629999999999924,-0.03181499242782593,0.08340094238519669,0.2105352133512497,0.018088653683662415,0.033020585775375366,-0.6588836908340454,1
5.639999999999924,-0.03181499242782593,0.08340094238519669,0.2105352133512497,0.018088653683662415,0.033020585775375366,-0.6588836908340454,1
5.649999999999924,-0.03181499242782593,0.08340094238519669,0.2105352133512497,0.018088653683662415,0.033020585775375366,-0.6588836908340454,1
5.659999999999924,-0.03181499242782593,0.08340094238519669,0.2105352133512497,0.018088653683662415,0.033020585775375366,-0.6588836908340454,1
5.6699999999999235,-0.03181499242782593,0.08340094238519669,0.2105352133512497,0.018088653683662415,0.033020585775375366,-0.6588836908340454,1
5.679999999999923,-0.03181499242782593,0.08340094238519669,0.2105352133512497,0.018088653683662415,0.033020585775375366,-0.6588836908340454,1
5.689999999999923,-0.03181499242782593,0.08340094238519669,0.2105352133512497,0.018088653683662415,0.033020585775375366,-0.6588836908340454,1
5.699999999999923,-0.03181499242782593,0.08340094238519669,0.2105352133512497,0.018088653683662415,0.033020585775375366,-0.6588836908340454,1
5.709999999999923,-0.03181499242782593,0.08340094238519669,0.2105352133512497,0.018088653683662415,0.033020585775375366,-0.6588836908340454,1
5.7199999999999225,-0.03181499242782593,0.08340094238519669,0.2105352133512497,0.018088653683662415,0.033020585775375366,-0.6588836908340454,1
5.729999999999922,-0.03181499242782593,0.08340094238519669,0.2105352133512497,0.018088653683662415,0.033020585775375366,-0.6588836908340454,1
5.739999999999922,-0.03181499242782593,0.08340094238519669,0.2105352133512497,0.018088653683662415,0.033020585775375366,-0.6588836908340454,1
5.749999999999922,-0.03181499242782593,0.08340094238519669,0.2105352133512497,0.018088653683662415,0.033020585775375366,-0.6588836908340454,1
5.759999999999922,-0.03181499242782593,0.08340094238519669,0.2105352133512497,0.018088653683662415,0.033020585775375366,-0.6588836908340454,1
5.769999999999921,-0.03181499242782593,0.08340094238519669,0.2105352133512497,0.018088653683662415,0.033020585775375366,-0.6588836908340454,1
5.779999999999921,-0.03181499242782593,0.08340094238519669,0.2105352133512497,0.018088653683662415,0.033020585775375366,-0.6588836908340454,1
5.789999999999921,-0.03181499242782593,0.08340094238519669,0.2105352133512497,0.018088653683662415,0.033020585775375366,-0.6588836908340454,1
5.799999999999921,0.006889031734317541,-0.013702780939638615,-0.048705391585826874,0.007229156326502562,0.09789358824491501,-0.6418513059616089,1
5.809999999999921,0.006889031734317541,-0.013702780939638615,-0.048705391585826874,0.007229156326502562,0.09789358824491501,-0.6418513059616089,1
5.81999999999992,0.006889031734317541,-0.013702780939638615,-0.048705391585826874,0.007229156326502562,0.09789358824491501,-0.6418513059616089,1
5.82999999999992,0.006889031734317541,-0.013702780939638615,-0.048705391585826874,0.007229156326502562,0.09789358824491501,-0.6418513059616089,1
5.83999999999992,0.006889031734317541,-0.013702780939638615,-0.048705391585826874,0.007229156326502562,0.09789358824491501,-0.6418513059616089,1
5.84999999999992,0.006889031734317541,-0.013702780939638615,-0.048705391585826874,0.007229156326502562,0.09789358824491501,-0.6418513059616089,1
5.8599999999999195,0.006889031734317541,-0.013702780939638615,-0.048705391585826874,0.007229156326502562,0.09789358824491501,-0.6418513059616089,1
5.869999999999919,0.006889031734317541,-0.013702780939638615,-0.048705391585826874,0.007229156326502562,0.09789358824491501,-0.6418513059616089,1
5.879999999999919,0.006889031734317541,-0.013702780939638615,-0.048705391585826874,0.007229156326502562,0.09789358824491501,-0.6418513059616089,1
5.889999999999919,0.006889031734317541,-0.013702780939638615,-0.048705391585826874,0.007229156326502562,0.09789358824491501,-0.6418513059616089,1
5.899999999999919,0.006889031734317541,-0.013702780939638615,-0.048705391585826874,0.007229156326502562,0.09789358824491501,-0.6418513059616089,1
5.909999999999918,0.006889031734317541,-0.013702780939638615,-0.048705391585826874,0.007229156326502562,0.09789358824491501,-0.6418513059616089,1
5.919999999999918,0.006889031734317541,-0.013702780939638615,-0.048705391585826874,0.007229156326502562,0.09789358824491501,-0.6418513059616089,1
5.929999999999918,0.006889031734317541,-0.013702780939638615,-0.048705391585826874,0.007229156326502562,0.09789358824491501,-0.6418513059616089,1
5.939999999999918,0.006889031734317541,-0.013702780939638615,-0.048705391585826874,0.007229156326502562,0.09789358824491501,-0.6418513059616089,1
5.949999999999918,0.006889031734317541,-0.013702780939638615,-0.048705391585826874,0.007229156326502562,0.09789358824491501,-0.6418513059616089,1
5.959999999999917,0.00395969720557332,-0.015520944260060787,-0.05438440665602684,0.007229156326502562,0.09789358824491501,-0.6418513059616089,1
5.969999999999917,0.00395969720557332,-0.015520944260060787,-0.05438440665602684,0.006043918430805206,0.1019081324338913,-0.6378943920135498,1
5.979999999999917,0.00395969720557332,-0.015520944260060787,-0.05438440665602684,0.006043918430805206,0.1019081324338913,-0.6378943920135498,1
5.989999999999917,0.00395969720557332,-0.015520944260060787,-0.05438440665602684,0.006043918430805206,0.1019081324338913,-0.6378943920135498,1
5.9999999999999165,0.00395969720557332,-0.015520944260060787,-0.05438440665602684,0.006043918430805206,0.1019081324338913,-0.6378943920135498,1
6.009999999999916,0.00395969720557332,-0.015520944260060787,-0.05438440665602684,0.006043918430805206,0.1019081324338913,-0.6378943920135498,1
6.019999999999916,0.00395969720557332,-0.015520944260060787,-0.05438440665602684,0.006043918430805206,0.1019081324338913,-0.6378943920135498,1
6.029999999999916,0.00395969720557332,-0.015520944260060787,-0.05438440665602684,0.006043918430805206,0.1019081324338913,-0.6378943920135498,1
6.039999999999916,0.00395969720557332,-0.015520944260060787,-0.05438440665602684,0.006043918430805206,0.1019081324338913,-0.6378943920135498,1
6.0499999999999154,0.00395969720557332,-0.015520944260060787,-0.05438440665602684,0.006043918430805206,0.1019081324338913,-0.6378943920135498,1
6.059999999999915,0.00395969720557332,-0.015520944260060787,-0.05438440665602684,0.006043918430805206,0.1019081324338913,-0.6378943920135498,1
6.069999999999915,0.00395969720557332,-0.015520944260060787,-0.05438440665602684,0.006043918430805206,0.1019081324338913,-0.6378943920135498,1
6.079999999999915,0.00395969720557332,-0.015520944260060787,-0.05438440665602684,0.006043918430805206,0.1019081324338913,-0.6378943920135498,1
6.089999999999915,0.00395969720557332,-0.015520944260060787,-0.05438440665602684,0.006043918430805206,0.1019081324338913,-0.6378943920135498,1
6.099999999999914,0.00395969720557332,-0.015520944260060787,-0.05438440665602684,0.006043918430805206,0.1019081324338913,-0.6378943920135498,1
6.109999999999914,0.00395969720557332,-0.015520944260060787,-0.05438440665602684,0.006043918430805206,0.1019081324338913,-0.6378943920135498,1
6.119999999999914,0.005952398292720318,-0.018553316593170166,-0.051294177770614624,0.006363274063915014,0.10214836150407791,-0.6373720169067383,1
6.129999999999914,0.005952398292720318,-0.018553316593170166,-0.051294177770614624,0.006363274063915014,0.10214836150407791,-0.6373720169067383,1
6.1399999999999135,0.005952398292720318,-0.018553316593170166,-0.051294177770614624,0.006363274063915014,0.10214836150407791,-0.6373720169067383,1
6.149999999999913,0.005952398292720318,-0.018553316593170166,-0.051294177770614624,0.006363274063915014,0.10214836150407791,-0.6373720169067383,1
6.159999999999913,0.005952398292720318,-0.018553316593170166,-0.051294177770614624,0.006363274063915014,0.10214836150407791,-0.6373720169067383,1
6.169999999999913,0.005952398292720318,-0.018553316593170166,-0.051294177770614624,0.006363274063915014,0.10214836150407791,-0.6373720169067383,1
6.179999999999913,0.005952398292720318,-0.018553316593170166,-0.051294177770614624,0.006363274063915014,0.10214836150407791,-0.6373720169067383,1
6.1899999999999125,0.005952398292720318,-0.018553316593170166,-0.051294177770614624,0.006363274063915014,0.10214836150407791,-0.6373720169067383,1
6.199999999999912,0.005952398292720318,-0.018553316593170166,-0.051294177770614624,0.006363274063915014,0.10214836150407791,-0.6373720169067383,1
6.209999999999912,0.005952398292720318,-0.018553316593170166,-0.051294177770614624,0.006363274063915014,0.10214836150407791,-0.6373720169067383,1
6.219999999999912,0.005952398292720318,-0.018553316593170166,-0.051294177770614624,0.006363274063915014,0.10214836150407791,-0.6373720169067383,1
6.229999999999912,0.005952398292720318,-0.018553316593170166,-0.051294177770614624,0.006363274063915014,0.10214836150407791,-0.6373720169067383,1
6.239999999999911,0.005952398292720318,-0.018553316593170166,-0.051294177770614624,0.006363274063915014,0.10214836150407791,-0.6373720169067383,1
6.249999999999911,0.005952398292720318,-0.018553316593170166,-0.051294177770614624,0.006363274063915014,0.10214836150407791,-0.6373720169067383,1
6.259999999999911,0.005952398292720318,-0.018553316593170166,-0.051294177770614624,0.006363274063915014,0.10214836150407791,-0.6373720169067383,1
6.269999999999911,0.005952398292720318,-0.018553316593170166,-0.051294177770614624,0.006363274063915014,0.10214836150407791,-0.6373720169067383,1
6.2799999999999105,0.005952398292720318,-0.018553316593170166,-0.051294177770614624,0.006363274063915014,0.10214836150407791,-0.6373720169067383,1
6.28999999999991,0.0,0.0,0.0,0.006415559910237789,0.10225998610258102,-0.6373823881149292,1
6.29999999999991,0.0,0.0,0.0,0.006415559910237789,0.10225998610258102,-0.6373823881149292,1
6.30999999999991,0.0,0.0,0.0,0.006415559910237789,0.10225998610258102,-0.6373823881149292,1
6.31999999999991,0.0,0.0,0.0,0.006415559910237789,0.10225998610258102,-0.6373823881149292,1
6.3299999999999095,0.0,0.0,0.0,0.006415559910237789,0.10225998610258102,-0.6373823881149292,1
6.339999999999909,0.0,0.0,0.0,0.006415559910237789,0.10225998610258102,-0.6373823881149292,1
6.349999999999909,0.0,0.0,0.0,0.006415559910237789,0.10225998610258102,-0.6373823881149292,1
