time,vel_x,vel_y,vel_z,roll,pitch,yaw
0,0.0,-0.0,0.0,0.006401025224477053,0.09645026922225952,-1.9944900274276733
0.01,0.0,-0.0,0.0,0.006401025224477053,0.09645026922225952,-1.9944900274276733
0.02,0.0,-0.0,0.0,0.006300828885287046,0.09646476060152054,-1.994494080543518
0.03,0.0,-0.0,0.0,0.006300828885287046,0.09646476060152054,-1.994494080543518
0.04,0.0,-0.0,0.0,0.006300828885287046,0.09646476060152054,-1.994494080543518
0.05,0.0,-0.0,0.0,0.006300828885287046,0.09646476060152054,-1.994494080543518
0.060000000000000005,0.0,-0.0,0.0,0.006300828885287046,0.09646476060152054,-1.994494080543518
0.07,0.0,-0.0,0.0,0.006300828885287046,0.09646476060152054,-1.994494080543518
0.08,0.0,-0.0,0.0,0.006300828885287046,0.09646476060152054,-1.994494080543518
0.09,0.0,-0.0,0.0,0.006300828885287046,0.09646476060152054,-1.994494080543518
0.09999999999999999,0.0,-0.0,0.0,0.006300828885287046,0.09646476060152054,-1.994494080543518
0.10999999999999999,0.0,-0.0,0.0,0.006300828885287046,0.09646476060152054,-1.994494080543518
0.11999999999999998,0.0,-0.0,0.0,0.006300828885287046,0.09646476060152054,-1.994494080543518
0.12999999999999998,0.0,-0.0,0.0,0.006300828885287046,0.09646476060152054,-1.994494080543518
0.13999999999999999,0.0,-0.0,0.0,0.006300828885287046,0.09646476060152054,-1.994494080543518
0.15,0.0,-0.0,0.0,0.006300828885287046,0.09646476060152054,-1.994494080543518
0.16,0.0,-0.0,0.0,0.006300828885287046,0.09646476060152054,-1.994494080543518
0.17,0.0,-0.0,0.0,0.006300828885287046,0.09646476060152054,-1.994494080543518
0.18000000000000002,0.0,-0.0,0.0,0.006300828885287046,0.09646476060152054,-1.994494080543518
0.19000000000000003,0.0,-0.0,0.0,0.006300828885287046,0.09646476060152054,-1.994494080543518
0.20000000000000004,0.0,-0.0,0.0,0.006300828885287046,0.09646476060152054,-1.994494080543518
0.21000000000000005,0.0,0.0,0.0,0.006272696424275637,0.09645353257656097,-1.9944812059402466
0.22000000000000006,0.0,0.0,0.0,0.006272696424275637,0.09645353257656097,-1.9944812059402466
0.23000000000000007,0.0,0.0,0.0,0.006272696424275637,0.09645353257656097,-1.9944812059402466
0.24000000000000007,0.0,0.0,0.0,0.006272696424275637,0.09645353257656097,-1.9944812059402466
0.25000000000000006,0.0,0.0,0.0,0.006272696424275637,0.09645353257656097,-1.9944812059402466
0.26000000000000006,0.0,0.0,0.0,0.006272696424275637,0.09645353257656097,-1.9944812059402466
0.2700000000000001,0.0,0.0,0.0,0.006272696424275637,0.09645353257656097,-1.9944812059402466
0.2800000000000001,0.0,0.0,0.0,0.006272696424275637,0.09645353257656097,-1.9944812059402466
0.2900000000000001,0.0,0.0,0.0,0.006272696424275637,0.09645353257656097,-1.9944812059402466
0.3000000000000001,0.0,0.0,0.0,0.006272696424275637,0.09645353257656097,-1.9944812059402466
0.3100000000000001,0.0,0.0,0.0,0.006272696424275637,0.09645353257656097,-1.9944812059402466
0.3200000000000001,0.0,0.0,0.0,0.006272696424275637,0.09645353257656097,-1.9944812059402466
0.3300000000000001,0.0,0.0,0.0,0.006272696424275637,0.09645353257656097,-1.9944812059402466
0.34000000000000014,0.0,0.0,0.0,0.006272696424275637,0.09645353257656097,-1.9944812059402466
0.35000000000000014,0.0,0.0,0.0,0.006272696424275637,0.09645353257656097,-1.9944812059402466
0.36000000000000015,0.0,0.0,0.0,0.006272696424275637,0.09645353257656097,-1.9944812059402466
0.37000000000000016,0.0,0.0,0.0,0.006272696424275637,0.09645353257656097,-1.9944812059402466
0.38000000000000017,0.0,0.0,0.0,0.006272696424275637,0.09645353257656097,-1.9944812059402466
0.3900000000000002,0.0,0.0,0.0,0.006272083148360252,0.09657882899045944,-1.9938468933105469
0.4000000000000002,0.0,0.0,0.0,0.006272083148360252,0.09657882899045944,-1.9938468933105469
0.4100000000000002,0.0,0.0,0.0,0.006272083148360252,0.09657882899045944,-1.9938468933105469
0.4200000000000002,0.0,0.0,0.0,0.006272083148360252,0.09657882899045944,-1.9938468933105469
0.4300000000000002,0.0,0.0,0.0,0.006272083148360252,0.09657882899045944,-1.9938468933105469
0.4400000000000002,0.0,0.0,0.0,0.006272083148360252,0.09657882899045944,-1.9938468933105469
0.45000000000000023,0.0,0.0,0.0,0.006272083148360252,0.09657882899045944,-1.9938468933105469
0.46000000000000024,0.0,0.0,0.0,0.006272083148360252,0.09657882899045944,-1.9938468933105469
0.47000000000000025,0.0,0.0,0.0,0.006272083148360252,0.09657882899045944,-1.9938468933105469
0.48000000000000026,0.0,0.0,0.0,0.006272083148360252,0.09657882899045944,-1.9938468933105469
0.49000000000000027,0.0,0.0,0.0,0.006272083148360252,0.09657882899045944,-1.9938468933105469
0.5000000000000002,0.0,0.0,0.0,0.006272083148360252,0.09657882899045944,-1.9938468933105469
0.5100000000000002,0.0,0.0,0.0,0.006272083148360252,0.09657882899045944,-1.9938468933105469
0.5200000000000002,0.0,0.0,0.0,0.006272083148360252,0.09657882899045944,-1.9938468933105469
0.5300000000000002,0.0,0.0,0.0,0.006272083148360252,0.09657882899045944,-1.9938468933105469
0.5400000000000003,0.0,0.0,0.0,0.006272083148360252,0.09657882899045944,-1.9938468933105469
0.5500000000000003,0.0,0.0,0.0,0.006272083148360252,0.09657882899045944,-1.9938468933105469
0.5600000000000003,0.0,0.0,0.0,0.006110928952693939,0.09647349268198013,-1.9937942028045654
0.5700000000000003,0.0,0.0,0.0,0.006110928952693939,0.09647349268198013,-1.9937942028045654
0.5800000000000003,0.0,0.0,0.0,0.006110928952693939,0.09647349268198013,-1.9937942028045654
0.5900000000000003,0.0,0.0,0.0,0.006110928952693939,0.09647349268198013,-1.9937942028045654
0.6000000000000003,0.0,0.0,0.0,0.006110928952693939,0.09647349268198013,-1.9937942028045654
0.6100000000000003,0.0,0.0,0.0,0.006110928952693939,0.09647349268198013,-1.9937942028045654
0.6200000000000003,0.0,0.0,0.0,0.006110928952693939,0.09647349268198013,-1.9937942028045654
0.6300000000000003,0.0,0.0,0.0,0.006110928952693939,0.09647349268198013,-1.9937942028045654
0.6400000000000003,0.0,0.0,0.0,0.006110928952693939,0.09647349268198013,-1.9937942028045654
0.6500000000000004,0.0,0.0,0.0,0.006110928952693939,0.09647349268198013,-1.9937942028045654
0.6600000000000004,0.0,0.0,0.0,0.006110928952693939,0.09647349268198013,-1.9937942028045654
0.6700000000000004,0.0,0.0,0.0,0.006110928952693939,0.09647349268198013,-1.9937942028045654
0.6800000000000004,0.0,0.0,0.0,0.006110928952693939,0.09647349268198013,-1.9937942028045654
0.6900000000000004,0.0,0.0,0.0,0.006110928952693939,0.09647349268198013,-1.9937942028045654
0.7000000000000004,0.0,0.0,0.0,0.006110928952693939,0.09647349268198013,-1.9937942028045654
0.7100000000000004,0.0,0.0,0.0,0.006110928952693939,0.09647349268198013,-1.9937942028045654
0.7200000000000004,0.0,0.0,0.0,0.006110928952693939,0.09647349268198013,-1.9937942028045654
0.7300000000000004,0.0,0.0,0.0,0.006110928952693939,0.09647349268198013,-1.9937942028045654
0.7400000000000004,0.0,0.0,0.0,0.005925553385168314,0.09658553451299667,-1.9936076402664185
0.7500000000000004,0.0,0.0,0.0,0.005925553385168314,0.09658553451299667,-1.9936076402664185
0.7600000000000005,0.0,0.0,0.0,0.005925553385168314,0.09658553451299667,-1.9936076402664185
0.7700000000000005,0.0,0.0,0.0,0.005925553385168314,0.09658553451299667,-1.9936076402664185
0.7800000000000005,0.0,0.0,0.0,0.005925553385168314,0.09658553451299667,-1.9936076402664185
0.7900000000000005,0.0,0.0,0.0,0.005925553385168314,0.09658553451299667,-1.9936076402664185
0.8000000000000005,0.0,0.0,0.0,0.005925553385168314,0.09658553451299667,-1.9936076402664185
0.8100000000000005,0.0,0.0,0.0,0.005925553385168314,0.09658553451299667,-1.9936076402664185
0.8200000000000005,0.0,0.0,0.0,0.005925553385168314,0.09658553451299667,-1.9936076402664185
0.8300000000000005,0.0,0.0,0.0,0.005925553385168314,0.09658553451299667,-1.9936076402664185
0.8400000000000005,0.0,0.0,0.0,0.005925553385168314,0.09658553451299667,-1.9936076402664185
0.8500000000000005,0.0,0.0,0.0,0.005925553385168314,0.09658553451299667,-1.9936076402664185
0.8600000000000005,0.0,0.0,0.0,0.005925553385168314,0.09658553451299667,-1.9936076402664185
0.8700000000000006,0.0,0.0,0.0,0.005925553385168314,0.09658553451299667,-1.9936076402664185
0.8800000000000006,0.0,0.0,0.0,0.005925553385168314,0.09658553451299667,-1.9936076402664185
0.8900000000000006,0.0,0.0,0.0,0.005925553385168314,0.09658553451299667,-1.9936076402664185
0.9000000000000006,0.0,0.0,0.0,0.005925553385168314,0.09658553451299667,-1.9936076402664185
0.9100000000000006,0.0,0.0,0.0,0.005925553385168314,0.09658553451299667,-1.9936076402664185
0.9200000000000006,0.0,0.0,0.0,0.005925553385168314,0.09658553451299667,-1.9936076402664185
0.9300000000000006,0.0,0.0,0.0,0.005907624028623104,0.09665758162736893,-1.99357008934021
0.9400000000000006,0.0,0.0,0.0,0.005907624028623104,0.09665758162736893,-1.99357008934021
0.9500000000000006,0.0,0.0,0.0,0.005907624028623104,0.09665758162736893,-1.99357008934021
0.9600000000000006,0.0,0.0,0.0,0.005907624028623104,0.09665758162736893,-1.99357008934021
0.9700000000000006,0.0,0.0,0.0,0.005907624028623104,0.09665758162736893,-1.99357008934021
0.9800000000000006,0.0,0.0,0.0,0.005907624028623104,0.09665758162736893,-1.99357008934021
0.9900000000000007,0.0,0.0,0.0,0.005907624028623104,0.09665758162736893,-1.99357008934021
1.0000000000000007,0.0,0.0,0.0,0.005907624028623104,0.09665758162736893,-1.99357008934021
1.0100000000000007,0.0,0.0,0.0,0.005907624028623104,0.09665758162736893,-1.99357008934021
1.0200000000000007,0.0,0.0,0.0,0.005907624028623104,0.09665758162736893,-1.99357008934021
1.0300000000000007,0.0,0.0,0.0,0.005907624028623104,0.09665758162736893,-1.99357008934021
1.0400000000000007,0.0,0.0,0.0,0.005907624028623104,0.09665758162736893,-1.99357008934021
1.0500000000000007,0.0,0.0,0.0,0.005907624028623104,0.09665758162736893,-1.99357008934021
1.0600000000000007,0.0,0.0,0.0,0.005907624028623104,0.09665758162736893,-1.99357008934021
1.0700000000000007,0.0,0.0,0.0,0.005907624028623104,0.09665758162736893,-1.99357008934021
1.0800000000000007,0.0,0.0,0.0,0.005907624028623104,0.09665758162736893,-1.99357008934021
1.0900000000000007,0.0,0.0,0.0,0.005907624028623104,0.09665758162736893,-1.99357008934021
1.1000000000000008,0.0,0.0,0.0,0.005907624028623104,0.09665758162736893,-1.99357008934021
1.1100000000000008,0.0,0.0,0.0,0.005907624028623104,0.09665758162736893,-1.99357008934021
1.1200000000000008,0.0,0.0,0.0,0.00590476905927062,0.0966239720582962,-1.9929968118667603
1.1300000000000008,0.0,0.0,0.0,0.00590476905927062,0.0966239720582962,-1.9929968118667603
1.1400000000000008,0.0,0.0,0.0,0.00590476905927062,0.0966239720582962,-1.9929968118667603
1.1500000000000008,0.0,0.0,0.0,0.00590476905927062,0.0966239720582962,-1.9929968118667603
1.1600000000000008,0.0,0.0,0.0,0.00590476905927062,0.0966239720582962,-1.9929968118667603
1.1700000000000008,0.0,0.0,0.0,0.00590476905927062,0.0966239720582962,-1.9929968118667603
1.1800000000000008,0.0,0.0,0.0,0.00590476905927062,0.0966239720582962,-1.9929968118667603
1.1900000000000008,0.0,0.0,0.0,0.00590476905927062,0.0966239720582962,-1.9929968118667603
1.2000000000000008,0.0,0.0,0.0,0.00590476905927062,0.0966239720582962,-1.9929968118667603
1.2100000000000009,0.0,0.0,0.0,0.00590476905927062,0.0966239720582962,-1.9929968118667603
1.2200000000000009,0.0,0.0,0.0,0.00590476905927062,0.0966239720582962,-1.9929968118667603
1.2300000000000009,0.0,0.0,0.0,0.00590476905927062,0.0966239720582962,-1.9929968118667603
1.2400000000000009,0.0,0.0,0.0,0.00590476905927062,0.0966239720582962,-1.9929968118667603
1.2500000000000009,0.0,0.0,0.0,0.00590476905927062,0.0966239720582962,-1.9929968118667603
1.260000000000001,0.0,0.0,0.0,0.00590476905927062,0.0966239720582962,-1.9929968118667603
1.270000000000001,0.0,0.0,0.0,0.00590476905927062,0.0966239720582962,-1.9929968118667603
1.280000000000001,0.0,0.0,0.0,0.00590476905927062,0.0966239720582962,-1.9929968118667603
1.290000000000001,0.0,0.0,0.0,0.00590476905927062,0.0966239720582962,-1.9929968118667603
1.300000000000001,0.0,0.0,0.0,0.005875412840396166,0.0966591015458107,-1.992652416229248
1.310000000000001,0.0,0.0,0.0,0.005875412840396166,0.0966591015458107,-1.992652416229248
1.320000000000001,0.0,0.0,0.0,0.005875412840396166,0.0966591015458107,-1.992652416229248
1.330000000000001,0.0,0.0,0.0,0.005875412840396166,0.0966591015458107,-1.992652416229248
1.340000000000001,0.0,0.0,0.0,0.005875412840396166,0.0966591015458107,-1.992652416229248
1.350000000000001,0.0,0.0,0.0,0.005875412840396166,0.0966591015458107,-1.992652416229248
1.360000000000001,0.0,0.0,0.0,0.005875412840396166,0.0966591015458107,-1.992652416229248
1.370000000000001,0.0,0.0,0.0,0.005875412840396166,0.0966591015458107,-1.992652416229248
1.380000000000001,0.0,0.0,0.0,0.005875412840396166,0.0966591015458107,-1.992652416229248
1.390000000000001,0.0,0.0,0.0,0.005875412840396166,0.0966591015458107,-1.992652416229248
1.400000000000001,0.0,0.0,0.0,0.005875412840396166,0.0966591015458107,-1.992652416229248
1.410000000000001,0.0,0.0,0.0,0.005875412840396166,0.0966591015458107,-1.992652416229248
1.420000000000001,0.0,0.0,0.0,0.005875412840396166,0.0966591015458107,-1.992652416229248
1.430000000000001,0.0,0.0,0.0,0.005875412840396166,0.0966591015458107,-1.992652416229248
1.440000000000001,0.0,0.0,0.0,0.005875412840396166,0.0966591015458107,-1.992652416229248
1.450000000000001,0.0,0.0,0.0,0.005875412840396166,0.0966591015458107,-1.992652416229248
1.460000000000001,0.0,0.0,0.0,0.005875412840396166,0.0966591015458107,-1.992652416229248
1.470000000000001,0.0,0.0,0.0,0.005875412840396166,0.0966591015458107,-1.992652416229248
1.480000000000001,0.0,0.0,0.0,0.005846732296049595,0.09661493450403214,-1.9924389123916626
1.490000000000001,0.0,0.0,0.0,0.005846732296049595,0.09661493450403214,-1.9924389123916626
1.500000000000001,0.0,0.0,0.0,0.005846732296049595,0.09661493450403214,-1.9924389123916626
1.5100000000000011,0.0,0.0,0.0,0.005846732296049595,0.09661493450403214,-1.9924389123916626
1.5200000000000011,0.0,0.0,0.0,0.005846732296049595,0.09661493450403214,-1.9924389123916626
1.5300000000000011,0.0,0.0,0.0,0.005846732296049595,0.09661493450403214,-1.9924389123916626
1.5400000000000011,0.0,0.0,0.0,0.005846732296049595,0.09661493450403214,-1.9924389123916626
1.5500000000000012,0.0,0.0,0.0,0.005846732296049595,0.09661493450403214,-1.9924389123916626
1.5600000000000012,0.0,0.0,0.0,0.005846732296049595,0.09661493450403214,-1.9924389123916626
1.5700000000000012,0.0,0.0,0.0,0.005846732296049595,0.09661493450403214,-1.9924389123916626
1.5800000000000012,0.0,0.0,0.0,0.005846732296049595,0.09661493450403214,-1.9924389123916626
1.5900000000000012,0.0,0.0,0.0,0.005846732296049595,0.09661493450403214,-1.9924389123916626
1.6000000000000012,0.0,0.0,0.0,0.005846732296049595,0.09661493450403214,-1.9924389123916626
1.6100000000000012,0.0,0.0,0.0,0.005846732296049595,0.09661493450403214,-1.9924389123916626
1.6200000000000012,0.0,0.0,0.0,0.005846732296049595,0.09661493450403214,-1.9924389123916626
1.6300000000000012,0.0,0.0,0.0,0.005846732296049595,0.09661493450403214,-1.9924389123916626
1.6400000000000012,0.0,0.0,0.0,0.005846732296049595,0.09661493450403214,-1.9924389123916626
1.6500000000000012,0.0,0.0,0.0,0.005846732296049595,0.09661493450403214,-1.9924389123916626
1.6600000000000013,0.0,0.0,0.0,0.005846732296049595,0.09661493450403214,-1.9924389123916626
1.6700000000000013,0.0,0.0,0.0,0.005627503152936697,0.09627345949411392,-1.993812084197998
1.6800000000000013,0.0,0.0,0.0,0.005627503152936697,0.09627345949411392,-1.993812084197998
1.6900000000000013,0.0,0.0,0.0,0.005627503152936697,0.09627345949411392,-1.993812084197998
1.7000000000000013,0.0,0.0,0.0,0.005627503152936697,0.09627345949411392,-1.993812084197998
1.7100000000000013,0.0,0.0,0.0,0.005627503152936697,0.09627345949411392,-1.993812084197998
1.7200000000000013,0.0,0.0,0.0,0.005627503152936697,0.09627345949411392,-1.993812084197998
1.7300000000000013,0.0,0.0,0.0,0.005627503152936697,0.09627345949411392,-1.993812084197998
1.7400000000000013,0.0,0.0,0.0,0.005627503152936697,0.09627345949411392,-1.993812084197998
1.7500000000000013,0.0,0.0,0.0,0.005627503152936697,0.09627345949411392,-1.993812084197998
1.7600000000000013,0.0,0.0,0.0,0.005627503152936697,0.09627345949411392,-1.993812084197998
1.7700000000000014,0.0,0.0,0.0,0.005627503152936697,0.09627345949411392,-1.993812084197998
1.7800000000000014,0.0,0.0,0.0,0.005627503152936697,0.09627345949411392,-1.993812084197998
1.7900000000000014,0.0,0.0,0.0,0.005627503152936697,0.09627345949411392,-1.993812084197998
1.8000000000000014,0.0,0.0,0.0,0.005627503152936697,0.09627345949411392,-1.993812084197998
1.8100000000000014,0.0,0.0,0.0,0.005627503152936697,0.09627345949411392,-1.993812084197998
1.8200000000000014,0.0,0.0,0.0,0.005627503152936697,0.09627345949411392,-1.993812084197998
1.8300000000000014,0.0,0.0,0.0,0.005627503152936697,0.09627345949411392,-1.993812084197998
1.8400000000000014,0.0,0.0,0.0,0.005627503152936697,0.09627345949411392,-1.993812084197998
1.8500000000000014,0.0,0.0,-0.03173520416021347,0.0021300846710801125,0.079400435090065,-1.9861806631088257
1.8600000000000014,0.0,0.0,-0.03173520416021347,0.0021300846710801125,0.079400435090065,-1.9861806631088257
1.8700000000000014,0.0,0.0,-0.03173520416021347,0.0021300846710801125,0.079400435090065,-1.9861806631088257
1.8800000000000014,0.0,0.0,-0.03173520416021347,0.0021300846710801125,0.079400435090065,-1.9861806631088257
1.8900000000000015,0.0,0.0,-0.03173520416021347,0.0021300846710801125,0.079400435090065,-1.9861806631088257
1.9000000000000015,0.0,0.0,-0.03173520416021347,0.0021300846710801125,0.079400435090065,-1.9861806631088257
1.9100000000000015,0.0,0.0,-0.03173520416021347,0.0021300846710801125,0.079400435090065,-1.9861806631088257
1.9200000000000015,0.0,0.0,-0.03173520416021347,0.0021300846710801125,0.079400435090065,-1.9861806631088257
1.9300000000000015,0.0,0.0,-0.03173520416021347,0.0021300846710801125,0.079400435090065,-1.9861806631088257
1.9400000000000015,0.0,0.0,-0.03173520416021347,0.0021300846710801125,0.079400435090065,-1.9861806631088257
1.9500000000000015,0.0,0.0,-0.03173520416021347,0.0021300846710801125,0.079400435090065,-1.9861806631088257
1.9600000000000015,0.0,0.0,-0.03173520416021347,0.0021300846710801125,0.079400435090065,-1.9861806631088257
1.9700000000000015,0.0,0.0,-0.03173520416021347,0.0021300846710801125,0.079400435090065,-1.9861806631088257
1.9800000000000015,0.0,0.0,-0.03173520416021347,0.0021300846710801125,0.079400435090065,-1.9861806631088257
1.9900000000000015,0.0,0.0,-0.03173520416021347,0.0021300846710801125,0.079400435090065,-1.9861806631088257
2.0000000000000013,0.0,0.0,-0.03173520416021347,0.0021300846710801125,0.079400435090065,-1.9861806631088257
2.010000000000001,0.0,0.0,-0.03173520416021347,0.0021300846710801125,0.079400435090065,-1.9861806631088257
2.020000000000001,0.0,0.0,-0.03173520416021347,0.0021300846710801125,0.079400435090065,-1.9861806631088257
2.0300000000000007,0.0,0.0,-0.03173520416021347,0.0021300846710801125,0.079400435090065,-1.9861806631088257
2.0400000000000005,-0.03921430557966232,0.008352866396307945,-0.4136858284473419,-0.041967183351516724,-0.06638069450855255,-1.9927978515625
2.0500000000000003,-0.03921430557966232,0.008352866396307945,-0.4136858284473419,-0.041967183351516724,-0.06638069450855255,-1.9927978515625
2.06,-0.03921430557966232,0.008352866396307945,-0.4136858284473419,-0.041967183351516724,-0.06638069450855255,-1.9927978515625
2.07,-0.03921430557966232,0.008352866396307945,-0.4136858284473419,-0.041967183351516724,-0.06638069450855255,-1.9927978515625
2.0799999999999996,-0.03921430557966232,0.008352866396307945,-0.4136858284473419,-0.041967183351516724,-0.06638069450855255,-1.9927978515625
2.0899999999999994,-0.03921430557966232,0.008352866396307945,-0.4136858284473419,-0.041967183351516724,-0.06638069450855255,-1.9927978515625
2.099999999999999,-0.03921430557966232,0.008352866396307945,-0.4136858284473419,-0.041967183351516724,-0.06638069450855255,-1.9927978515625
2.109999999999999,-0.03921430557966232,0.008352866396307945,-0.4136858284473419,-0.041967183351516724,-0.06638069450855255,-1.9927978515625
2.1199999999999988,-0.03921430557966232,0.008352866396307945,-0.4136858284473419,-0.041967183351516724,-0.06638069450855255,-1.9927978515625
2.1299999999999986,-0.03921430557966232,0.008352866396307945,-0.4136858284473419,-0.041967183351516724,-0.06638069450855255,-1.9927978515625
2.1399999999999983,-0.03921430557966232,0.008352866396307945,-0.4136858284473419,-0.041967183351516724,-0.06638069450855255,-1.9927978515625
2.149999999999998,-0.03921430557966232,0.008352866396307945,-0.4136858284473419,-0.041967183351516724,-0.06638069450855255,-1.9927978515625
2.159999999999998,-0.03921430557966232,0.008352866396307945,-0.4136858284473419,-0.041967183351516724,-0.06638069450855255,-1.9927978515625
2.1699999999999977,-0.03921430557966232,0.008352866396307945,-0.4136858284473419,-0.041967183351516724,-0.06638069450855255,-1.9927978515625
2.1799999999999975,-0.03921430557966232,0.008352866396307945,-0.4136858284473419,-0.041967183351516724,-0.06638069450855255,-1.9927978515625
2.1899999999999973,-0.03921430557966232,0.008352866396307945,-0.4136858284473419,-0.041967183351516724,-0.06638069450855255,-1.9927978515625
2.199999999999997,-0.03921430557966232,0.008352866396307945,-0.4136858284473419,-0.041967183351516724,-0.06638069450855255,-1.9927978515625
2.209999999999997,-0.03921430557966232,0.008352866396307945,-0.4136858284473419,-0.041967183351516724,-0.06638069450855255,-1.9927978515625
2.2199999999999966,-0.10741165280342102,-0.016830168664455414,-0.8870430588722229,0.07663542777299881,0.03406805545091629,-1.9921505451202393
2.2299999999999964,-0.10741165280342102,-0.016830168664455414,-0.8870430588722229,0.07663542777299881,0.03406805545091629,-1.9921505451202393
2.239999999999996,-0.10741165280342102,-0.016830168664455414,-0.8870430588722229,0.07663542777299881,0.03406805545091629,-1.9921505451202393
2.249999999999996,-0.10741165280342102,-0.016830168664455414,-0.8870430588722229,0.07663542777299881,0.03406805545091629,-1.9921505451202393
2.259999999999996,-0.10741165280342102,-0.016830168664455414,-0.8870430588722229,0.07663542777299881,0.03406805545091629,-1.9921505451202393
2.2699999999999956,-0.10741165280342102,-0.016830168664455414,-0.8870430588722229,0.07663542777299881,0.03406805545091629,-1.9921505451202393
2.2799999999999954,-0.10741165280342102,-0.016830168664455414,-0.8870430588722229,0.07663542777299881,0.03406805545091629,-1.9921505451202393
2.289999999999995,-0.10741165280342102,-0.016830168664455414,-0.8870430588722229,0.07663542777299881,0.03406805545091629,-1.9921505451202393
2.299999999999995,-0.10741165280342102,-0.016830168664455414,-0.8870430588722229,0.07663542777299881,0.03406805545091629,-1.9921505451202393
2.3099999999999947,-0.10741165280342102,-0.016830168664455414,-0.8870430588722229,0.07663542777299881,0.03406805545091629,-1.9921505451202393
2.3199999999999945,-0.10741165280342102,-0.016830168664455414,-0.8870430588722229,0.07663542777299881,0.03406805545091629,-1.9921505451202393
2.3299999999999943,-0.10741165280342102,-0.016830168664455414,-0.8870430588722229,0.07663542777299881,0.03406805545091629,-1.9921505451202393
2.339999999999994,-0.10741165280342102,-0.016830168664455414,-0.8870430588722229,0.07663542777299881,0.03406805545091629,-1.9921505451202393
2.349999999999994,-0.10741165280342102,-0.016830168664455414,-0.8870430588722229,0.07663542777299881,0.03406805545091629,-1.9921505451202393
2.3599999999999937,-0.10741165280342102,-0.016830168664455414,-0.8870430588722229,0.07663542777299881,0.03406805545091629,-1.9921505451202393
2.3699999999999934,0.05429161712527275,0.058256540447473526,-0.9896015524864197,0.02653913013637066,0.03193218261003494,-1.9901448488235474
2.3799999999999932,0.05429161712527275,0.058256540447473526,-0.9896015524864197,0.02653913013637066,0.03193218261003494,-1.9901448488235474
2.389999999999993,0.05429161712527275,0.058256540447473526,-0.9896015524864197,0.02653913013637066,0.03193218261003494,-1.9901448488235474
2.399999999999993,0.05429161712527275,0.058256540447473526,-0.9896015524864197,0.02653913013637066,0.03193218261003494,-1.9901448488235474
2.4099999999999926,0.05429161712527275,0.058256540447473526,-0.9896015524864197,0.02653913013637066,0.03193218261003494,-1.9901448488235474
2.4199999999999924,0.05429161712527275,0.058256540447473526,-0.9896015524864197,0.02653913013637066,0.03193218261003494,-1.9901448488235474
2.429999999999992,0.05429161712527275,0.058256540447473526,-0.9896015524864197,0.02653913013637066,0.03193218261003494,-1.9901448488235474
2.439999999999992,0.05429161712527275,0.058256540447473526,-0.9896015524864197,0.02653913013637066,0.03193218261003494,-1.9901448488235474
2.4499999999999917,0.05429161712527275,0.058256540447473526,-0.9896015524864197,0.02653913013637066,0.03193218261003494,-1.9901448488235474
2.4599999999999915,0.05429161712527275,0.058256540447473526,-0.9896015524864197,0.02653913013637066,0.03193218261003494,-1.9901448488235474
2.4699999999999913,0.05429161712527275,0.058256540447473526,-0.9896015524864197,0.02653913013637066,0.03193218261003494,-1.9901448488235474
2.479999999999991,0.05429161712527275,0.058256540447473526,-0.9896015524864197,0.02653913013637066,0.03193218261003494,-1.9901448488235474
2.489999999999991,0.05429161712527275,0.058256540447473526,-0.9896015524864197,0.02653913013637066,0.03193218261003494,-1.9901448488235474
2.4999999999999907,0.05429161712527275,0.058256540447473526,-0.9896015524864197,0.02653913013637066,0.03193218261003494,-1.9901448488235474
2.5099999999999905,0.05429161712527275,0.058256540447473526,-0.9896015524864197,0.02653913013637066,0.03193218261003494,-1.9901448488235474
2.5199999999999902,0.05429161712527275,0.058256540447473526,-0.9896015524864197,0.02653913013637066,0.03193218261003494,-1.9901448488235474
2.52999999999999,0.03258173540234566,0.0735275149345398,-0.9984875917434692,0.006526603829115629,-0.02543574571609497,-1.9916024208068848
2.53999999999999,0.03258173540234566,0.0735275149345398,-0.9984875917434692,0.006526603829115629,-0.02543574571609497,-1.9916024208068848
2.5499999999999896,0.03258173540234566,0.0735275149345398,-0.9984875917434692,0.006526603829115629,-0.02543574571609497,-1.9916024208068848
2.5599999999999894,0.03258173540234566,0.0735275149345398,-0.9984875917434692,0.006526603829115629,-0.02543574571609497,-1.9916024208068848
2.569999999999989,0.03258173540234566,0.0735275149345398,-0.9984875917434692,0.006526603829115629,-0.02543574571609497,-1.9916024208068848
2.579999999999989,0.03258173540234566,0.0735275149345398,-0.9984875917434692,0.006526603829115629,-0.02543574571609497,-1.9916024208068848
2.5899999999999888,0.03258173540234566,0.0735275149345398,-0.9984875917434692,0.006526603829115629,-0.02543574571609497,-1.9916024208068848
2.5999999999999885,0.03258173540234566,0.0735275149345398,-0.9984875917434692,0.006526603829115629,-0.02543574571609497,-1.9916024208068848
2.6099999999999883,0.03258173540234566,0.0735275149345398,-0.9984875917434692,0.006526603829115629,-0.02543574571609497,-1.9916024208068848
2.619999999999988,0.03258173540234566,0.0735275149345398,-0.9984875917434692,0.006526603829115629,-0.02543574571609497,-1.9916024208068848
2.629999999999988,0.03258173540234566,0.0735275149345398,-0.9984875917434692,0.006526603829115629,-0.02543574571609497,-1.9916024208068848
2.6399999999999877,0.03258173540234566,0.0735275149345398,-0.9984875917434692,0.006526603829115629,-0.02543574571609497,-1.9916024208068848
2.6499999999999875,0.03258173540234566,0.0735275149345398,-0.9984875917434692,0.006526603829115629,-0.02543574571609497,-1.9916024208068848
2.6599999999999873,0.03258173540234566,0.0735275149345398,-0.9984875917434692,0.006526603829115629,-0.02543574571609497,-1.9916024208068848
2.669999999999987,0.03258173540234566,0.0735275149345398,-0.9984875917434692,0.006526603829115629,-0.02543574571609497,-1.9916024208068848
2.679999999999987,0.03258173540234566,0.0735275149345398,-0.9984875917434692,0.006526603829115629,-0.02543574571609497,-1.9916024208068848
2.6899999999999866,0.03258173540234566,0.0735275149345398,-0.9984875917434692,0.006526603829115629,-0.02543574571609497,-1.9916024208068848
2.6999999999999864,0.03258173540234566,0.0735275149345398,-0.9984875917434692,0.006526603829115629,-0.02543574571609497,-1.9916024208068848
2.709999999999986,0.03406978026032448,0.04574134573340416,-0.7078131437301636,0.02405213937163353,0.0007845193613320589,-1.994091510772705
2.719999999999986,0.03406978026032448,0.04574134573340416,-0.7078131437301636,0.02405213937163353,0.0007845193613320589,-1.994091510772705
2.7299999999999858,0.03406978026032448,0.04574134573340416,-0.7078131437301636,0.02405213937163353,0.0007845193613320589,-1.994091510772705
2.7399999999999856,0.03406978026032448,0.04574134573340416,-0.7078131437301636,0.02405213937163353,0.0007845193613320589,-1.994091510772705
2.7499999999999853,0.03406978026032448,0.04574134573340416,-0.7078131437301636,0.02405213937163353,0.0007845193613320589,-1.994091510772705
2.759999999999985,0.03406978026032448,0.04574134573340416,-0.7078131437301636,0.02405213937163353,0.0007845193613320589,-1.994091510772705
2.769999999999985,0.03406978026032448,0.04574134573340416,-0.7078131437301636,0.02405213937163353,0.0007845193613320589,-1.994091510772705
2.7799999999999847,0.03406978026032448,0.04574134573340416,-0.7078131437301636,0.02405213937163353,0.0007845193613320589,-1.994091510772705
2.7899999999999845,0.03406978026032448,0.04574134573340416,-0.7078131437301636,0.02405213937163353,0.0007845193613320589,-1.994091510772705
2.7999999999999843,0.03406978026032448,0.04574134573340416,-0.7078131437301636,0.02405213937163353,0.0007845193613320589,-1.994091510772705
2.809999999999984,0.03406978026032448,0.04574134573340416,-0.7078131437301636,0.02405213937163353,0.0007845193613320589,-1.994091510772705
2.819999999999984,0.03406978026032448,0.04574134573340416,-0.7078131437301636,0.02405213937163353,0.0007845193613320589,-1.994091510772705
2.8299999999999836,0.03406978026032448,0.04574134573340416,-0.7078131437301636,0.02405213937163353,0.0007845193613320589,-1.994091510772705
2.8399999999999834,0.03406978026032448,0.04574134573340416,-0.7078131437301636,0.02405213937163353,0.0007845193613320589,-1.994091510772705
2.849999999999983,0.03406978026032448,0.04574134573340416,-0.7078131437301636,0.02405213937163353,0.0007845193613320589,-1.994091510772705
2.859999999999983,0.03406978026032448,0.04574134573340416,-0.7078131437301636,0.02405213937163353,0.0007845193613320589,-1.994091510772705
2.869999999999983,0.03406978026032448,0.04574134573340416,-0.7078131437301636,0.02405213937163353,0.0007845193613320589,-1.994091510772705
2.8799999999999826,0.03406978026032448,0.04574134573340416,-0.7078131437301636,0.02405213937163353,0.0007845193613320589,-1.994091510772705
2.8899999999999824,0.018437109887599945,0.017903080210089684,-0.41891196370124817,0.0079868258908391,-0.017236746847629547,-1.9927538633346558
2.899999999999982,0.018437109887599945,0.017903080210089684,-0.41891196370124817,0.0079868258908391,-0.017236746847629547,-1.9927538633346558
2.909999999999982,0.018437109887599945,0.017903080210089684,-0.41891196370124817,0.0079868258908391,-0.017236746847629547,-1.9927538633346558
2.9199999999999817,0.018437109887599945,0.017903080210089684,-0.41891196370124817,0.0079868258908391,-0.017236746847629547,-1.9927538633346558
2.9299999999999815,0.018437109887599945,0.017903080210089684,-0.41891196370124817,0.0079868258908391,-0.017236746847629547,-1.9927538633346558
2.9399999999999813,0.018437109887599945,0.017903080210089684,-0.41891196370124817,0.0079868258908391,-0.017236746847629547,-1.9927538633346558
2.949999999999981,0.018437109887599945,0.017903080210089684,-0.41891196370124817,0.0079868258908391,-0.017236746847629547,-1.9927538633346558
2.959999999999981,0.018437109887599945,0.017903080210089684,-0.41891196370124817,0.0079868258908391,-0.017236746847629547,-1.9927538633346558
2.9699999999999807,0.018437109887599945,0.017903080210089684,-0.41891196370124817,0.0079868258908391,-0.017236746847629547,-1.9927538633346558
2.9799999999999804,0.018437109887599945,0.017903080210089684,-0.41891196370124817,0.0079868258908391,-0.017236746847629547,-1.9927538633346558
2.9899999999999802,0.018437109887599945,0.017903080210089684,-0.41891196370124817,0.0079868258908391,-0.017236746847629547,-1.9927538633346558
2.99999999999998,0.018437109887599945,0.017903080210089684,-0.41891196370124817,0.0079868258908391,-0.017236746847629547,-1.9927538633346558
3.00999999999998,0.018437109887599945,0.017903080210089684,-0.41891196370124817,0.0079868258908391,-0.017236746847629547,-1.9927538633346558
3.0199999999999796,0.018437109887599945,0.017903080210089684,-0.41891196370124817,0.0079868258908391,-0.017236746847629547,-1.9927538633346558
3.0299999999999794,0.018437109887599945,0.017903080210089684,-0.41891196370124817,0.0079868258908391,-0.017236746847629547,-1.9927538633346558
3.039999999999979,0.018437109887599945,0.017903080210089684,-0.41891196370124817,0.0079868258908391,-0.017236746847629547,-1.9927538633346558
3.049999999999979,0.018437109887599945,0.017903080210089684,-0.41891196370124817,0.0079868258908391,-0.017236746847629547,-1.9927538633346558
3.0599999999999787,0.010811998508870602,-0.01334280427545309,-0.23867902159690857,0.019756991416215897,0.0026399302296340466,-1.9938496351242065
3.0699999999999785,0.010811998508870602,-0.01334280427545309,-0.23867902159690857,0.019756991416215897,0.0026399302296340466,-1.9938496351242065
3.0799999999999783,0.010811998508870602,-0.01334280427545309,-0.23867902159690857,0.019756991416215897,0.0026399302296340466,-1.9938496351242065
3.089999999999978,0.010811998508870602,-0.01334280427545309,-0.23867902159690857,0.019756991416215897,0.0026399302296340466,-1.9938496351242065
3.099999999999978,0.010811998508870602,-0.01334280427545309,-0.23867902159690857,0.019756991416215897,0.0026399302296340466,-1.9938496351242065
3.1099999999999777,0.010811998508870602,-0.01334280427545309,-0.23867902159690857,0.019756991416215897,0.0026399302296340466,-1.9938496351242065
3.1199999999999775,0.010811998508870602,-0.01334280427545309,-0.23867902159690857,0.019756991416215897,0.0026399302296340466,-1.9938496351242065
3.1299999999999772,0.010811998508870602,-0.01334280427545309,-0.23867902159690857,0.019756991416215897,0.0026399302296340466,-1.9938496351242065
3.139999999999977,0.010811998508870602,-0.01334280427545309,-0.23867902159690857,0.019756991416215897,0.0026399302296340466,-1.9938496351242065
3.149999999999977,0.010811998508870602,-0.01334280427545309,-0.23867902159690857,0.019756991416215897,0.0026399302296340466,-1.9938496351242065
3.1599999999999766,0.010811998508870602,-0.01334280427545309,-0.23867902159690857,0.019756991416215897,0.0026399302296340466,-1.9938496351242065
3.1699999999999764,0.010811998508870602,-0.01334280427545309,-0.23867902159690857,0.019756991416215897,0.0026399302296340466,-1.9938496351242065
3.179999999999976,0.010811998508870602,-0.01334280427545309,-0.23867902159690857,0.019756991416215897,0.0026399302296340466,-1.9938496351242065
3.189999999999976,0.010811998508870602,-0.01334280427545309,-0.23867902159690857,0.019756991416215897,0.0026399302296340466,-1.9938496351242065
3.1999999999999758,0.010811998508870602,-0.01334280427545309,-0.23867902159690857,0.019756991416215897,0.0026399302296340466,-1.9938496351242065
3.2099999999999755,0.010811998508870602,-0.01334280427545309,-0.23867902159690857,0.019756991416215897,0.0026399302296340466,-1.9938496351242065
3.2199999999999753,0.010811998508870602,-0.01334280427545309,-0.23867902159690857,0.019756991416215897,0.0026399302296340466,-1.9938496351242065
3.229999999999975,0.010811998508870602,-0.01334280427545309,-0.23867902159690857,0.019756991416215897,0.0026399302296340466,-1.9938496351242065
3.239999999999975,0.010811998508870602,-0.01334280427545309,-0.23867902159690857,0.019756991416215897,0.0026399302296340466,-1.9938496351242065
3.2499999999999747,0.010424087755382061,-0.009720711037516594,-0.06760790199041367,0.008086146786808968,0.00549080828204751,0.886055052280426
3.2599999999999745,0.010424087755382061,-0.009720711037516594,-0.06760790199041367,0.008086146786808968,0.00549080828204751,0.886055052280426
3.2699999999999743,0.010424087755382061,-0.009720711037516594,-0.06760790199041367,0.008086146786808968,0.00549080828204751,0.886055052280426
3.279999999999974,0.010424087755382061,-0.009720711037516594,-0.06760790199041367,0.008086146786808968,0.00549080828204751,0.886055052280426
3.289999999999974,0.010424087755382061,-0.009720711037516594,-0.06760790199041367,0.008086146786808968,0.00549080828204751,0.886055052280426
3.2999999999999736,0.010424087755382061,-0.009720711037516594,-0.06760790199041367,0.008086146786808968,0.00549080828204751,0.886055052280426
3.3099999999999734,0.010424087755382061,-0.009720711037516594,-0.06760790199041367,0.008086146786808968,0.00549080828204751,0.886055052280426
3.319999999999973,0.010424087755382061,-0.009720711037516594,-0.06760790199041367,0.008086146786808968,0.00549080828204751,0.886055052280426
3.329999999999973,0.010424087755382061,-0.009720711037516594,-0.06760790199041367,0.008086146786808968,0.00549080828204751,0.886055052280426
3.3399999999999728,0.010424087755382061,-0.009720711037516594,-0.06760790199041367,0.008086146786808968,0.00549080828204751,0.886055052280426
3.3499999999999726,0.010424087755382061,-0.009720711037516594,-0.06760790199041367,0.008086146786808968,0.00549080828204751,0.886055052280426
3.3599999999999723,0.010424087755382061,-0.009720711037516594,-0.06760790199041367,0.008086146786808968,0.00549080828204751,0.886055052280426
3.369999999999972,0.010424087755382061,-0.009720711037516594,-0.06760790199041367,0.008086146786808968,0.00549080828204751,0.886055052280426
3.379999999999972,0.010424087755382061,-0.009720711037516594,-0.06760790199041367,0.008086146786808968,0.00549080828204751,0.886055052280426
3.3899999999999717,0.010424087755382061,-0.009720711037516594,-0.06760790199041367,0.008086146786808968,0.00549080828204751,0.886055052280426
3.3999999999999715,0.010424087755382061,-0.009720711037516594,-0.06760790199041367,0.008086146786808968,0.00549080828204751,0.886055052280426
3.4099999999999713,0.010424087755382061,-0.009720711037516594,-0.06760790199041367,0.008086146786808968,0.00549080828204751,0.886055052280426
3.419999999999971,0.010424087755382061,-0.009720711037516594,-0.06760790199041367,0.008086146786808968,0.00549080828204751,0.886055052280426
3.429999999999971,0.0632358118891716,0.06727661192417145,0.000510680431034416,-0.0006800001137889922,-0.08213774114847183,0.8874688744544983
3.4399999999999706,0.0632358118891716,0.06727661192417145,0.000510680431034416,-0.0006800001137889922,-0.08213774114847183,0.8874688744544983
3.4499999999999704,0.0632358118891716,0.06727661192417145,0.000510680431034416,-0.0006800001137889922,-0.08213774114847183,0.8874688744544983
3.45999999999997,0.0632358118891716,0.06727661192417145,0.000510680431034416,-0.0006800001137889922,-0.08213774114847183,0.8874688744544983
3.46999999999997,0.0632358118891716,0.06727661192417145,0.000510680431034416,-0.0006800001137889922,-0.08213774114847183,0.8874688744544983
3.47999999999997,0.0632358118891716,0.06727661192417145,0.000510680431034416,-0.0006800001137889922,-0.08213774114847183,0.8874688744544983
3.4899999999999696,0.0632358118891716,0.06727661192417145,0.000510680431034416,-0.0006800001137889922,-0.08213774114847183,0.8874688744544983
3.4999999999999694,0.0632358118891716,0.06727661192417145,0.000510680431034416,-0.0006800001137889922,-0.08213774114847183,0.8874688744544983
3.509999999999969,0.0632358118891716,0.06727661192417145,0.000510680431034416,-0.0006800001137889922,-0.08213774114847183,0.8874688744544983
3.519999999999969,0.0632358118891716,0.06727661192417145,0.000510680431034416,-0.0006800001137889922,-0.08213774114847183,0.8874688744544983
3.5299999999999687,0.0632358118891716,0.06727661192417145,0.000510680431034416,-0.0006800001137889922,-0.08213774114847183,0.8874688744544983
3.5399999999999685,0.0632358118891716,0.06727661192417145,0.000510680431034416,-0.0006800001137889922,-0.08213774114847183,0.8874688744544983
3.5499999999999683,0.0632358118891716,0.06727661192417145,0.000510680431034416,-0.0006800001137889922,-0.08213774114847183,0.8874688744544983
3.559999999999968,0.0632358118891716,0.06727661192417145,0.000510680431034416,-0.0006800001137889922,-0.08213774114847183,0.8874688744544983
3.569999999999968,0.0632358118891716,0.06727661192417145,0.000510680431034416,-0.0006800001137889922,-0.08213774114847183,0.8874688744544983
3.5799999999999677,0.0632358118891716,0.06727661192417145,0.000510680431034416,-0.0006800001137889922,-0.08213774114847183,0.8874688744544983
3.5899999999999674,0.0632358118891716,0.06727661192417145,0.000510680431034416,-0.0006800001137889922,-0.08213774114847183,0.8874688744544983
3.5999999999999672,0.0632358118891716,0.06727661192417145,0.000510680431034416,-0.0006800001137889922,-0.08213774114847183,0.8874688744544983
3.609999999999967,0.16015759110450745,0.2032889872789383,0.015386756509542465,0.009817422367632389,-0.08338288962841034,0.8872398138046265
3.619999999999967,0.16015759110450745,0.2032889872789383,0.015386756509542465,0.009817422367632389,-0.08338288962841034,0.8872398138046265
3.6299999999999666,0.16015759110450745,0.2032889872789383,0.015386756509542465,0.009817422367632389,-0.08338288962841034,0.8872398138046265
3.6399999999999664,0.16015759110450745,0.2032889872789383,0.015386756509542465,0.009817422367632389,-0.08338288962841034,0.8872398138046265
3.649999999999966,0.16015759110450745,0.2032889872789383,0.015386756509542465,0.009817422367632389,-0.08338288962841034,0.8872398138046265
3.659999999999966,0.16015759110450745,0.2032889872789383,0.015386756509542465,0.009817422367632389,-0.08338288962841034,0.8872398138046265
3.6699999999999657,0.16015759110450745,0.2032889872789383,0.015386756509542465,0.009817422367632389,-0.08338288962841034,0.8872398138046265
3.6799999999999655,0.16015759110450745,0.2032889872789383,0.015386756509542465,0.009817422367632389,-0.08338288962841034,0.8872398138046265
3.6899999999999653,0.16015759110450745,0.2032889872789383,0.015386756509542465,0.009817422367632389,-0.08338288962841034,0.8872398138046265
3.699999999999965,0.16015759110450745,0.2032889872789383,0.015386756509542465,0.009817422367632389,-0.08338288962841034,0.8872398138046265
3.709999999999965,0.16015759110450745,0.2032889872789383,0.015386756509542465,0.009817422367632389,-0.08338288962841034,0.8872398138046265
3.7199999999999647,0.16015759110450745,0.2032889872789383,0.015386756509542465,0.009817422367632389,-0.08338288962841034,0.8872398138046265
3.7299999999999645,0.16015759110450745,0.2032889872789383,0.015386756509542465,0.009817422367632389,-0.08338288962841034,0.8872398138046265
3.7399999999999642,0.16015759110450745,0.2032889872789383,0.015386756509542465,0.009817422367632389,-0.08338288962841034,0.8872398138046265
3.749999999999964,0.16015759110450745,0.2032889872789383,0.015386756509542465,0.009817422367632389,-0.08338288962841034,0.8872398138046265
3.759999999999964,0.16015759110450745,0.2032889872789383,0.015386756509542465,0.009817422367632389,-0.08338288962841034,0.8872398138046265
3.7699999999999636,0.16015759110450745,0.2032889872789383,0.015386756509542465,0.009817422367632389,-0.08338288962841034,0.8872398138046265
3.7799999999999634,0.16015759110450745,0.2032889872789383,0.015386756509542465,0.009817422367632389,-0.08338288962841034,0.8872398138046265
3.789999999999963,0.24350512027740479,0.3205525577068329,0.009722791612148285,0.005867894738912582,-0.0839729830622673,0.8857777714729309
3.799999999999963,0.24350512027740479,0.3205525577068329,0.009722791612148285,0.005867894738912582,-0.0839729830622673,0.8857777714729309
3.8099999999999627,0.24350512027740479,0.3205525577068329,0.009722791612148285,0.005867894738912582,-0.0839729830622673,0.8857777714729309
3.8199999999999625,0.24350512027740479,0.3205525577068329,0.009722791612148285,0.005867894738912582,-0.0839729830622673,0.8857777714729309
3.8299999999999623,0.24350512027740479,0.3205525577068329,0.009722791612148285,0.005867894738912582,-0.0839729830622673,0.8857777714729309
3.839999999999962,0.24350512027740479,0.3205525577068329,0.009722791612148285,0.005867894738912582,-0.0839729830622673,0.8857777714729309
3.849999999999962,0.24350512027740479,0.3205525577068329,0.009722791612148285,0.005867894738912582,-0.0839729830622673,0.8857777714729309
3.8599999999999617,0.24350512027740479,0.3205525577068329,0.009722791612148285,0.005867894738912582,-0.0839729830622673,0.8857777714729309
3.8699999999999615,0.24350512027740479,0.3205525577068329,0.009722791612148285,0.005867894738912582,-0.0839729830622673,0.8857777714729309
3.8799999999999613,0.24350512027740479,0.3205525577068329,0.009722791612148285,0.005867894738912582,-0.0839729830622673,0.8857777714729309
3.889999999999961,0.24350512027740479,0.3205525577068329,0.009722791612148285,0.005867894738912582,-0.0839729830622673,0.8857777714729309
3.899999999999961,0.24350512027740479,0.3205525577068329,0.009722791612148285,0.005867894738912582,-0.0839729830622673,0.8857777714729309
3.9099999999999606,0.24350512027740479,0.3205525577068329,0.009722791612148285,0.005867894738912582,-0.0839729830622673,0.8857777714729309
3.9199999999999604,0.24350512027740479,0.3205525577068329,0.009722791612148285,0.005867894738912582,-0.0839729830622673,0.8857777714729309
3.92999999999996,0.24350512027740479,0.3205525577068329,0.009722791612148285,0.005867894738912582,-0.0839729830622673,0.8857777714729309
3.93999999999996,0.24350512027740479,0.3205525577068329,0.009722791612148285,0.005867894738912582,-0.0839729830622673,0.8857777714729309
3.9499999999999598,0.24350512027740479,0.3205525577068329,0.009722791612148285,0.005867894738912582,-0.0839729830622673,0.8857777714729309
3.9599999999999596,0.24350512027740479,0.3205525577068329,0.009722791612148285,0.005867894738912582,-0.0839729830622673,0.8857777714729309
3.9699999999999593,0.24350512027740479,0.3205525577068329,0.009722791612148285,0.005867894738912582,-0.0839729830622673,0.8857777714729309
3.979999999999959,0.35003915429115295,0.4288293123245239,-0.009439455345273018,-0.007713225670158863,-0.09157560020685196,0.8826525807380676
3.989999999999959,0.35003915429115295,0.4288293123245239,-0.009439455345273018,-0.007713225670158863,-0.09157560020685196,0.8826525807380676
3.9999999999999587,0.35003915429115295,0.4288293123245239,-0.009439455345273018,-0.007713225670158863,-0.09157560020685196,0.8826525807380676
4.009999999999959,0.35003915429115295,0.4288293123245239,-0.009439455345273018,-0.007713225670158863,-0.09157560020685196,0.8826525807380676
4.019999999999959,0.35003915429115295,0.4288293123245239,-0.009439455345273018,-0.007713225670158863,-0.09157560020685196,0.8826525807380676
4.0299999999999585,0.35003915429115295,0.4288293123245239,-0.009439455345273018,-0.007713225670158863,-0.09157560020685196,0.8826525807380676
4.039999999999958,0.35003915429115295,0.4288293123245239,-0.009439455345273018,-0.007713225670158863,-0.09157560020685196,0.8826525807380676
4.049999999999958,0.35003915429115295,0.4288293123245239,-0.009439455345273018,-0.007713225670158863,-0.09157560020685196,0.8826525807380676
4.059999999999958,0.35003915429115295,0.4288293123245239,-0.009439455345273018,-0.007713225670158863,-0.09157560020685196,0.8826525807380676
4.069999999999958,0.35003915429115295,0.4288293123245239,-0.009439455345273018,-0.007713225670158863,-0.09157560020685196,0.8826525807380676
4.079999999999957,0.35003915429115295,0.4288293123245239,-0.009439455345273018,-0.007713225670158863,-0.09157560020685196,0.8826525807380676
4.089999999999957,0.35003915429115295,0.4288293123245239,-0.009439455345273018,-0.007713225670158863,-0.09157560020685196,0.8826525807380676
4.099999999999957,0.35003915429115295,0.4288293123245239,-0.009439455345273018,-0.007713225670158863,-0.09157560020685196,0.8826525807380676
4.109999999999957,0.35003915429115295,0.4288293123245239,-0.009439455345273018,-0.007713225670158863,-0.09157560020685196,0.8826525807380676
4.119999999999957,0.35003915429115295,0.4288293123245239,-0.009439455345273018,-0.007713225670158863,-0.09157560020685196,0.8826525807380676
4.129999999999956,0.35003915429115295,0.4288293123245239,-0.009439455345273018,-0.007713225670158863,-0.09157560020685196,0.8826525807380676
4.139999999999956,0.35003915429115295,0.4288293123245239,-0.009439455345273018,-0.007713225670158863,-0.09157560020685196,0.8826525807380676
4.149999999999956,0.35003915429115295,0.4288293123245239,-0.009439455345273018,-0.007713225670158863,-0.09157560020685196,0.8826525807380676
4.159999999999956,0.4478486478328705,0.5143256783485413,0.05733991786837578,-0.0018762156832963228,-0.08895189315080643,0.878031313419342
4.1699999999999555,0.4478486478328705,0.5143256783485413,0.05733991786837578,-0.0018762156832963228,-0.08895189315080643,0.878031313419342
4.179999999999955,0.4478486478328705,0.5143256783485413,0.05733991786837578,-0.0018762156832963228,-0.08895189315080643,0.878031313419342
4.189999999999955,0.4478486478328705,0.5143256783485413,0.05733991786837578,-0.0018762156832963228,-0.08895189315080643,0.878031313419342
4.199999999999955,0.4478486478328705,0.5143256783485413,0.05733991786837578,-0.0018762156832963228,-0.08895189315080643,0.878031313419342
4.209999999999955,0.4478486478328705,0.5143256783485413,0.05733991786837578,-0.0018762156832963228,-0.08895189315080643,0.878031313419342
4.2199999999999545,0.4478486478328705,0.5143256783485413,0.05733991786837578,-0.0018762156832963228,-0.08895189315080643,0.878031313419342
4.229999999999954,0.4478486478328705,0.5143256783485413,0.05733991786837578,-0.0018762156832963228,-0.08895189315080643,0.878031313419342
4.239999999999954,0.4478486478328705,0.5143256783485413,0.05733991786837578,-0.0018762156832963228,-0.08895189315080643,0.878031313419342
4.249999999999954,0.4478486478328705,0.5143256783485413,0.05733991786837578,-0.0018762156832963228,-0.08895189315080643,0.878031313419342
4.259999999999954,0.4478486478328705,0.5143256783485413,0.05733991786837578,-0.0018762156832963228,-0.08895189315080643,0.878031313419342
4.269999999999953,0.4478486478328705,0.5143256783485413,0.05733991786837578,-0.0018762156832963228,-0.08895189315080643,0.878031313419342
4.279999999999953,0.4478486478328705,0.5143256783485413,0.05733991786837578,-0.0018762156832963228,-0.08895189315080643,0.878031313419342
4.289999999999953,0.4478486478328705,0.5143256783485413,0.05733991786837578,-0.0018762156832963228,-0.08895189315080643,0.878031313419342
4.299999999999953,0.4478486478328705,0.5143256783485413,0.05733991786837578,-0.0018762156832963228,-0.08895189315080643,0.878031313419342
4.3099999999999525,0.4478486478328705,0.5143256783485413,0.05733991786837578,-0.0018762156832963228,-0.08895189315080643,0.878031313419342
4.319999999999952,0.4478486478328705,0.5143256783485413,0.05733991786837578,-0.0018762156832963228,-0.08895189315080643,0.878031313419342
4.329999999999952,0.4478486478328705,0.5143256783485413,0.05733991786837578,-0.0018762156832963228,-0.08895189315080643,0.878031313419342
4.339999999999952,0.4478486478328705,0.5143256783485413,0.05733991786837578,-0.0018762156832963228,-0.08895189315080643,0.878031313419342
4.349999999999952,0.4539361000061035,0.490642249584198,0.5828231573104858,0.004499805625528097,0.06280861794948578,0.8732802867889404
4.3599999999999515,0.4539361000061035,0.490642249584198,0.5828231573104858,0.004499805625528097,0.06280861794948578,0.8732802867889404
4.369999999999951,0.4539361000061035,0.490642249584198,0.5828231573104858,0.004499805625528097,0.06280861794948578,0.8732802867889404
4.379999999999951,0.4539361000061035,0.490642249584198,0.5828231573104858,0.004499805625528097,0.06280861794948578,0.8732802867889404
4.389999999999951,0.4539361000061035,0.490642249584198,0.5828231573104858,0.004499805625528097,0.06280861794948578,0.8732802867889404
4.399999999999951,0.4539361000061035,0.490642249584198,0.5828231573104858,0.004499805625528097,0.06280861794948578,0.8732802867889404
4.40999999999995,0.4539361000061035,0.490642249584198,0.5828231573104858,0.004499805625528097,0.06280861794948578,0.8732802867889404
4.41999999999995,0.4539361000061035,0.490642249584198,0.5828231573104858,0.004499805625528097,0.06280861794948578,0.8732802867889404
4.42999999999995,0.4539361000061035,0.490642249584198,0.5828231573104858,0.004499805625528097,0.06280861794948578,0.8732802867889404
4.43999999999995,0.4539361000061035,0.490642249584198,0.5828231573104858,0.004499805625528097,0.06280861794948578,0.8732802867889404
4.4499999999999496,0.4539361000061035,0.490642249584198,0.5828231573104858,0.004499805625528097,0.06280861794948578,0.8732802867889404
4.459999999999949,0.4539361000061035,0.490642249584198,0.5828231573104858,0.004499805625528097,0.06280861794948578,0.8732802867889404
4.469999999999949,0.4539361000061035,0.490642249584198,0.5828231573104858,0.004499805625528097,0.06280861794948578,0.8732802867889404
4.479999999999949,0.4539361000061035,0.490642249584198,0.5828231573104858,0.004499805625528097,0.06280861794948578,0.8732802867889404
4.489999999999949,0.4539361000061035,0.490642249584198,0.5828231573104858,0.004499805625528097,0.06280861794948578,0.8732802867889404
4.4999999999999485,0.4539361000061035,0.490642249584198,0.5828231573104858,0.004499805625528097,0.06280861794948578,0.8732802867889404
4.509999999999948,0.4539361000061035,0.490642249584198,0.5828231573104858,0.004499805625528097,0.06280861794948578,0.8732802867889404
4.519999999999948,0.2873641550540924,0.26828715205192566,0.5663428902626038,0.01681375317275524,0.1365676075220108,0.8665146827697754
4.529999999999948,0.2873641550540924,0.26828715205192566,0.5663428902626038,0.01681375317275524,0.1365676075220108,0.8665146827697754
4.539999999999948,0.2873641550540924,0.26828715205192566,0.5663428902626038,0.01681375317275524,0.1365676075220108,0.8665146827697754
4.549999999999947,0.2873641550540924,0.26828715205192566,0.5663428902626038,0.01681375317275524,0.1365676075220108,0.8665146827697754
4.559999999999947,0.2873641550540924,0.26828715205192566,0.5663428902626038,0.01681375317275524,0.1365676075220108,0.8665146827697754
4.569999999999947,0.2873641550540924,0.26828715205192566,0.5663428902626038,0.01681375317275524,0.1365676075220108,0.8665146827697754
4.579999999999947,0.2873641550540924,0.26828715205192566,0.5663428902626038,0.01681375317275524,0.1365676075220108,0.8665146827697754
4.589999999999947,0.2873641550540924,0.26828715205192566,0.5663428902626038,0.01681375317275524,0.1365676075220108,0.8665146827697754
4.599999999999946,0.2873641550540924,0.26828715205192566,0.5663428902626038,0.01681375317275524,0.1365676075220108,0.8665146827697754
4.609999999999946,0.2873641550540924,0.26828715205192566,0.5663428902626038,0.01681375317275524,0.1365676075220108,0.8665146827697754
4.619999999999946,0.2873641550540924,0.26828715205192566,0.5663428902626038,0.01681375317275524,0.1365676075220108,0.8665146827697754
4.629999999999946,0.2873641550540924,0.26828715205192566,0.5663428902626038,0.01681375317275524,0.1365676075220108,0.8665146827697754
4.6399999999999455,0.2873641550540924,0.26828715205192566,0.5663428902626038,0.01681375317275524,0.1365676075220108,0.8665146827697754
4.649999999999945,0.2873641550540924,0.26828715205192566,0.5663428902626038,0.01681375317275524,0.1365676075220108,0.8665146827697754
4.659999999999945,0.2873641550540924,0.26828715205192566,0.5663428902626038,0.01681375317275524,0.1365676075220108,0.8665146827697754
4.669999999999945,0.2873641550540924,0.26828715205192566,0.5663428902626038,0.01681375317275524,0.1365676075220108,0.8665146827697754
4.679999999999945,0.2873641550540924,0.26828715205192566,0.5663428902626038,0.01681375317275524,0.1365676075220108,0.8665146827697754
4.689999999999944,0.2873641550540924,0.26828715205192566,0.5663428902626038,0.01681375317275524,0.1365676075220108,0.8665146827697754
4.699999999999944,0.1540636122226715,0.11610796302556992,0.5079111456871033,0.02380678802728653,0.06106662377715111,0.8743018507957458
4.709999999999944,0.1540636122226715,0.11610796302556992,0.5079111456871033,0.02380678802728653,0.06106662377715111,0.8743018507957458
4.719999999999944,0.1540636122226715,0.11610796302556992,0.5079111456871033,0.02380678802728653,0.06106662377715111,0.8743018507957458
4.729999999999944,0.1540636122226715,0.11610796302556992,0.5079111456871033,0.02380678802728653,0.06106662377715111,0.8743018507957458
4.739999999999943,0.1540636122226715,0.11610796302556992,0.5079111456871033,0.02380678802728653,0.06106662377715111,0.8743018507957458
4.749999999999943,0.1540636122226715,0.11610796302556992,0.5079111456871033,0.02380678802728653,0.06106662377715111,0.8743018507957458
4.759999999999943,0.1540636122226715,0.11610796302556992,0.5079111456871033,0.02380678802728653,0.06106662377715111,0.8743018507957458
4.769999999999943,0.1540636122226715,0.11610796302556992,0.5079111456871033,0.02380678802728653,0.06106662377715111,0.8743018507957458
4.7799999999999425,0.1540636122226715,0.11610796302556992,0.5079111456871033,0.02380678802728653,0.06106662377715111,0.8743018507957458
4.789999999999942,0.1540636122226715,0.11610796302556992,0.5079111456871033,0.02380678802728653,0.06106662377715111,0.8743018507957458
4.799999999999942,0.1540636122226715,0.11610796302556992,0.5079111456871033,0.02380678802728653,0.06106662377715111,0.8743018507957458
4.809999999999942,0.1540636122226715,0.11610796302556992,0.5079111456871033,0.02380678802728653,0.06106662377715111,0.8743018507957458
4.819999999999942,0.1540636122226715,0.11610796302556992,0.5079111456871033,0.02380678802728653,0.06106662377715111,0.8743018507957458
4.8299999999999415,0.1540636122226715,0.11610796302556992,0.5079111456871033,0.02380678802728653,0.06106662377715111,0.8743018507957458
4.839999999999941,0.1540636122226715,0.11610796302556992,0.5079111456871033,0.02380678802728653,0.06106662377715111,0.8743018507957458
4.849999999999941,0.1540636122226715,0.11610796302556992,0.5079111456871033,0.02380678802728653,0.06106662377715111,0.8743018507957458
4.859999999999941,0.1540636122226715,0.11610796302556992,0.5079111456871033,0.02380678802728653,0.06106662377715111,0.8743018507957458
4.869999999999941,0.1540636122226715,0.11610796302556992,0.5079111456871033,0.02380678802728653,0.06106662377715111,0.8743018507957458
4.87999999999994,0.07293577492237091,0.05610301345586777,0.450083464384079,0.036228373646736145,0.040127240121364594,0.8810405731201172
4.88999999999994,0.07293577492237091,0.05610301345586777,0.450083464384079,0.036228373646736145,0.040127240121364594,0.8810405731201172
4.89999999999994,0.07293577492237091,0.05610301345586777,0.450083464384079,0.036228373646736145,0.040127240121364594,0.8810405731201172
4.90999999999994,0.07293577492237091,0.05610301345586777,0.450083464384079,0.036228373646736145,0.040127240121364594,0.8810405731201172
4.9199999999999395,0.07293577492237091,0.05610301345586777,0.450083464384079,0.036228373646736145,0.040127240121364594,0.8810405731201172
4.929999999999939,0.07293577492237091,0.05610301345586777,0.450083464384079,0.036228373646736145,0.040127240121364594,0.8810405731201172
4.939999999999939,0.07293577492237091,0.05610301345586777,0.450083464384079,0.036228373646736145,0.040127240121364594,0.8810405731201172
4.949999999999939,0.07293577492237091,0.05610301345586777,0.450083464384079,0.036228373646736145,0.040127240121364594,0.8810405731201172
4.959999999999939,0.07293577492237091,0.05610301345586777,0.450083464384079,0.036228373646736145,0.040127240121364594,0.8810405731201172
4.9699999999999385,0.07293577492237091,0.05610301345586777,0.450083464384079,0.036228373646736145,0.040127240121364594,0.8810405731201172
4.979999999999938,0.07293577492237091,0.05610301345586777,0.450083464384079,0.036228373646736145,0.040127240121364594,0.8810405731201172
4.989999999999938,0.07293577492237091,0.05610301345586777,0.450083464384079,0.036228373646736145,0.040127240121364594,0.8810405731201172
4.999999999999938,0.07293577492237091,0.05610301345586777,0.450083464384079,0.036228373646736145,0.040127240121364594,0.8810405731201172
5.009999999999938,0.07293577492237091,0.05610301345586777,0.450083464384079,0.036228373646736145,0.040127240121364594,0.8810405731201172
5.019999999999937,0.07293577492237091,0.05610301345586777,0.450083464384079,0.036228373646736145,0.040127240121364594,0.8810405731201172
5.029999999999937,0.07293577492237091,0.05610301345586777,0.450083464384079,0.036228373646736145,0.040127240121364594,0.8810405731201172
5.039999999999937,0.07293577492237091,0.05610301345586777,0.450083464384079,0.036228373646736145,0.040127240121364594,0.8810405731201172
5.049999999999937,0.07293577492237091,0.05610301345586777,0.450083464384079,0.036228373646736145,0.040127240121364594,0.8810405731201172
5.0599999999999365,0.02575080841779709,0.04097380489110947,0.3620847761631012,0.022002268582582474,0.012266069650650024,0.8865000009536743
5.069999999999936,0.02575080841779709,0.04097380489110947,0.3620847761631012,0.022002268582582474,0.012266069650650024,0.8865000009536743
5.079999999999936,0.02575080841779709,0.04097380489110947,0.3620847761631012,0.022002268582582474,0.012266069650650024,0.8865000009536743
5.089999999999936,0.02575080841779709,0.04097380489110947,0.3620847761631012,0.022002268582582474,0.012266069650650024,0.8865000009536743
5.099999999999936,0.02575080841779709,0.04097380489110947,0.3620847761631012,0.022002268582582474,0.012266069650650024,0.8865000009536743
5.1099999999999355,0.02575080841779709,0.04097380489110947,0.3620847761631012,0.022002268582582474,0.012266069650650024,0.8865000009536743
5.119999999999935,0.02575080841779709,0.04097380489110947,0.3620847761631012,0.022002268582582474,0.012266069650650024,0.8865000009536743
5.129999999999935,0.02575080841779709,0.04097380489110947,0.3620847761631012,0.022002268582582474,0.012266069650650024,0.8865000009536743
5.139999999999935,0.02575080841779709,0.04097380489110947,0.3620847761631012,0.022002268582582474,0.012266069650650024,0.8865000009536743
5.149999999999935,0.02575080841779709,0.04097380489110947,0.3620847761631012,0.022002268582582474,0.012266069650650024,0.8865000009536743
5.159999999999934,0.02575080841779709,0.04097380489110947,0.3620847761631012,0.022002268582582474,0.012266069650650024,0.8865000009536743
5.169999999999934,0.02575080841779709,0.04097380489110947,0.3620847761631012,0.022002268582582474,0.012266069650650024,0.8865000009536743
5.179999999999934,0.02575080841779709,0.04097380489110947,0.3620847761631012,0.022002268582582474,0.012266069650650024,0.8865000009536743
5.189999999999934,0.02575080841779709,0.04097380489110947,0.3620847761631012,0.022002268582582474,0.012266069650650024,0.8865000009536743
5.199999999999934,0.02575080841779709,0.04097380489110947,0.3620847761631012,0.022002268582582474,0.012266069650650024,0.8865000009536743
5.209999999999933,0.02575080841779709,0.04097380489110947,0.3620847761631012,0.022002268582582474,0.012266069650650024,0.8865000009536743
5.219999999999933,0.02575080841779709,0.04097380489110947,0.3620847761631012,0.022002268582582474,0.012266069650650024,0.8865000009536743
5.229999999999933,0.02575080841779709,0.04097380489110947,0.3620847761631012,0.022002268582582474,0.012266069650650024,0.8865000009536743
5.239999999999933,0.00741706183180213,0.03623868525028229,0.2802616059780121,0.024212487041950226,0.014876486733555794,0.8888209462165833
5.2499999999999325,0.00741706183180213,0.03623868525028229,0.2802616059780121,0.024212487041950226,0.014876486733555794,0.8888209462165833
5.259999999999932,0.00741706183180213,0.03623868525028229,0.2802616059780121,0.024212487041950226,0.014876486733555794,0.8888209462165833
5.269999999999932,0.00741706183180213,0.03623868525028229,0.2802616059780121,0.024212487041950226,0.014876486733555794,0.8888209462165833
5.279999999999932,0.00741706183180213,0.03623868525028229,0.2802616059780121,0.024212487041950226,0.014876486733555794,0.8888209462165833
5.289999999999932,0.00741706183180213,0.03623868525028229,0.2802616059780121,0.024212487041950226,0.014876486733555794,0.8888209462165833
5.299999999999931,0.00741706183180213,0.03623868525028229,0.2802616059780121,0.024212487041950226,0.014876486733555794,0.8888209462165833
5.309999999999931,0.00741706183180213,0.03623868525028229,0.2802616059780121,0.024212487041950226,0.014876486733555794,0.8888209462165833
5.319999999999931,0.00741706183180213,0.03623868525028229,0.2802616059780121,0.024212487041950226,0.014876486733555794,0.8888209462165833
5.329999999999931,0.00741706183180213,0.03623868525028229,0.2802616059780121,0.024212487041950226,0.014876486733555794,0.8888209462165833
5.339999999999931,0.00741706183180213,0.03623868525028229,0.2802616059780121,0.024212487041950226,0.014876486733555794,0.8888209462165833
5.34999999999993,0.00741706183180213,0.03623868525028229,0.2802616059780121,0.024212487041950226,0.014876486733555794,0.8888209462165833
5.35999999999993,0.00741706183180213,0.03623868525028229,0.2802616059780121,0.024212487041950226,0.014876486733555794,0.8888209462165833
5.36999999999993,0.00741706183180213,0.03623868525028229,0.2802616059780121,0.024212487041950226,0.014876486733555794,0.8888209462165833
5.37999999999993,0.00741706183180213,0.03623868525028229,0.2802616059780121,0.024212487041950226,0.014876486733555794,0.8888209462165833
5.3899999999999295,0.00741706183180213,0.03623868525028229,0.2802616059780121,0.024212487041950226,0.014876486733555794,0.8888209462165833
5.399999999999929,0.00741706183180213,0.03623868525028229,0.2802616059780121,0.024212487041950226,0.014876486733555794,0.8888209462165833
5.409999999999929,-0.008761162869632244,0.040914833545684814,0.2891223430633545,0.024212487041950226,0.014876486733555794,0.8888209462165833
5.419999999999929,-0.008761162869632244,0.040914833545684814,0.2891223430633545,0.019892403855919838,0.0056413584388792515,0.8919616341590881
5.429999999999929,-0.008761162869632244,0.040914833545684814,0.2891223430633545,0.019892403855919838,0.0056413584388792515,0.8919616341590881
5.4399999999999284,-0.008761162869632244,0.040914833545684814,0.2891223430633545,0.019892403855919838,0.0056413584388792515,0.8919616341590881
5.449999999999928,-0.008761162869632244,0.040914833545684814,0.2891223430633545,0.019892403855919838,0.0056413584388792515,0.8919616341590881
5.459999999999928,-0.008761162869632244,0.040914833545684814,0.2891223430633545,0.019892403855919838,0.0056413584388792515,0.8919616341590881
5.469999999999928,-0.008761162869632244,0.040914833545684814,0.2891223430633545,0.019892403855919838,0.0056413584388792515,0.8919616341590881
5.479999999999928,-0.008761162869632244,0.040914833545684814,0.2891223430633545,0.019892403855919838,0.0056413584388792515,0.8919616341590881
5.489999999999927,-0.008761162869632244,0.040914833545684814,0.2891223430633545,0.019892403855919838,0.0056413584388792515,0.8919616341590881
5.499999999999927,-0.008761162869632244,0.040914833545684814,0.2891223430633545,0.019892403855919838,0.0056413584388792515,0.8919616341590881
5.509999999999927,-0.008761162869632244,0.040914833545684814,0.2891223430633545,0.019892403855919838,0.0056413584388792515,0.8919616341590881
5.519999999999927,-0.008761162869632244,0.040914833545684814,0.2891223430633545,0.019892403855919838,0.0056413584388792515,0.8919616341590881
5.5299999999999265,-0.008761162869632244,0.040914833545684814,0.2891223430633545,0.019892403855919838,0.0056413584388792515,0.8919616341590881
5.539999999999926,-0.008761162869632244,0.040914833545684814,0.2891223430633545,0.019892403855919838,0.0056413584388792515,0.8919616341590881
5.549999999999926,-0.008761162869632244,0.040914833545684814,0.2891223430633545,0.019892403855919838,0.0056413584388792515,0.8919616341590881
5.559999999999926,-0.008761162869632244,0.040914833545684814,0.2891223430633545,0.019892403855919838,0.0056413584388792515,0.8919616341590881
5.569999999999926,-0.008761162869632244,0.040914833545684814,0.2891223430633545,0.019892403855919838,0.0056413584388792515,0.8919616341590881
5.5799999999999255,-0.012524452991783619,0.03245546668767929,0.3051588237285614,0.010567344725131989,0.015323908068239689,0.8912690877914429
5.589999999999925,-0.012524452991783619,0.03245546668767929,0.3051588237285614,0.010567344725131989,0.015323908068239689,0.8912690877914429
5.599999999999925,-0.012524452991783619,0.03245546668767929,0.3051588237285614,0.010567344725131989,0.015323908068239689,0.8912690877914429
5.609999999999925,-0.012524452991783619,0.03245546668767929,0.3051588237285614,0.010567344725131989,0.015323908068239689,0.8912690877914429
5.619999999999925,-0.012524452991783619,0.03245546668767929,0.3051588237285614,0.010567344725131989,0.015323908068239689,0.8912690877914429
5.629999999999924,-0.012524452991783619,0.03245546668767929,0.3051588237285614,0.010567344725131989,0.015323908068239689,0.8912690877914429
5.639999999999924,-0.012524452991783619,0.03245546668767929,0.3051588237285614,0.010567344725131989,0.015323908068239689,0.8912690877914429
5.649999999999924,-0.012524452991783619,0.03245546668767929,0.3051588237285614,0.010567344725131989,0.015323908068239689,0.8912690877914429
5.659999999999924,-0.012524452991783619,0.03245546668767929,0.3051588237285614,0.010567344725131989,0.015323908068239689,0.8912690877914429
5.6699999999999235,-0.012524452991783619,0.03245546668767929,0.3051588237285614,0.010567344725131989,0.015323908068239689,0.8912690877914429
5.679999999999923,-0.012524452991783619,0.03245546668767929,0.3051588237285614,0.010567344725131989,0.015323908068239689,0.8912690877914429
5.689999999999923,-0.012524452991783619,0.03245546668767929,0.3051588237285614,0.010567344725131989,0.015323908068239689,0.8912690877914429
5.699999999999923,-0.012524452991783619,0.03245546668767929,0.3051588237285614,0.010567344725131989,0.015323908068239689,0.8912690877914429
5.709999999999923,-0.012524452991783619,0.03245546668767929,0.3051588237285614,0.010567344725131989,0.015323908068239689,0.8912690877914429
5.7199999999999225,-0.012524452991783619,0.03245546668767929,0.3051588237285614,0.010567344725131989,0.015323908068239689,0.8912690877914429
5.729999999999922,-0.012524452991783619,0.03245546668767929,0.3051588237285614,0.010567344725131989,0.015323908068239689,0.8912690877914429
5.739999999999922,-0.012524452991783619,0.03245546668767929,0.3051588237285614,0.010567344725131989,0.015323908068239689,0.8912690877914429
5.749999999999922,0.0013963234378024936,-0.002270597731694579,0.307098925113678,0.004413978662341833,0.01609981805086136,0.8939031362533569
5.759999999999922,0.0013963234378024936,-0.002270597731694579,0.307098925113678,0.004413978662341833,0.01609981805086136,0.8939031362533569
5.769999999999921,0.0013963234378024936,-0.002270597731694579,0.307098925113678,0.004413978662341833,0.01609981805086136,0.8939031362533569
5.779999999999921,0.0013963234378024936,-0.002270597731694579,0.307098925113678,0.004413978662341833,0.01609981805086136,0.8939031362533569
5.789999999999921,0.0013963234378024936,-0.002270597731694579,0.307098925113678,0.004413978662341833,0.01609981805086136,0.8939031362533569
5.799999999999921,0.0013963234378024936,-0.002270597731694579,0.307098925113678,0.004413978662341833,0.01609981805086136,0.8939031362533569
5.809999999999921,0.0013963234378024936,-0.002270597731694579,0.307098925113678,0.004413978662341833,0.01609981805086136,0.8939031362533569
5.81999999999992,0.0013963234378024936,-0.002270597731694579,0.307098925113678,0.004413978662341833,0.01609981805086136,0.8939031362533569
5.82999999999992,0.0013963234378024936,-0.002270597731694579,0.307098925113678,0.004413978662341833,0.01609981805086136,0.8939031362533569
5.83999999999992,0.0013963234378024936,-0.002270597731694579,0.307098925113678,0.004413978662341833,0.01609981805086136,0.8939031362533569
5.84999999999992,0.0013963234378024936,-0.002270597731694579,0.307098925113678,0.004413978662341833,0.01609981805086136,0.8939031362533569
5.8599999999999195,0.0013963234378024936,-0.002270597731694579,0.307098925113678,0.004413978662341833,0.01609981805086136,0.8939031362533569
5.869999999999919,0.0013963234378024936,-0.002270597731694579,0.307098925113678,0.004413978662341833,0.01609981805086136,0.8939031362533569
5.879999999999919,0.0013963234378024936,-0.002270597731694579,0.307098925113678,0.004413978662341833,0.01609981805086136,0.8939031362533569
5.889999999999919,0.0013963234378024936,-0.002270597731694579,0.307098925113678,0.004413978662341833,0.01609981805086136,0.8939031362533569
5.899999999999919,0.0013963234378024936,-0.002270597731694579,0.307098925113678,0.004413978662341833,0.01609981805086136,0.8939031362533569
5.909999999999918,0.0013963234378024936,-0.002270597731694579,0.307098925113678,0.004413978662341833,0.01609981805086136,0.8939031362533569
5.919999999999918,0.0013963234378024936,-0.002270597731694579,0.307098925113678,0.004413978662341833,0.01609981805086136,0.8939031362533569
5.929999999999918,-0.054488301277160645,-0.04027183726429939,0.07249580323696136,-0.015553760342299938,0.07408247888088226,0.8887413740158081
5.939999999999918,-0.054488301277160645,-0.04027183726429939,0.07249580323696136,-0.015553760342299938,0.07408247888088226,0.8887413740158081
5.949999999999918,-0.054488301277160645,-0.04027183726429939,0.07249580323696136,-0.015553760342299938,0.07408247888088226,0.8887413740158081
5.959999999999917,-0.054488301277160645,-0.04027183726429939,0.07249580323696136,-0.015553760342299938,0.07408247888088226,0.8887413740158081
5.969999999999917,-0.054488301277160645,-0.04027183726429939,0.07249580323696136,-0.015553760342299938,0.07408247888088226,0.8887413740158081
5.979999999999917,-0.054488301277160645,-0.04027183726429939,0.07249580323696136,-0.015553760342299938,0.07408247888088226,0.8887413740158081
5.989999999999917,-0.054488301277160645,-0.04027183726429939,0.07249580323696136,-0.015553760342299938,0.07408247888088226,0.8887413740158081
5.9999999999999165,-0.054488301277160645,-0.04027183726429939,0.07249580323696136,-0.015553760342299938,0.07408247888088226,0.8887413740158081
6.009999999999916,-0.054488301277160645,-0.04027183726429939,0.07249580323696136,-0.015553760342299938,0.07408247888088226,0.8887413740158081
6.019999999999916,-0.054488301277160645,-0.04027183726429939,0.07249580323696136,-0.015553760342299938,0.07408247888088226,0.8887413740158081
6.029999999999916,-0.054488301277160645,-0.04027183726429939,0.07249580323696136,-0.015553760342299938,0.07408247888088226,0.8887413740158081
6.039999999999916,-0.054488301277160645,-0.04027183726429939,0.07249580323696136,-0.015553760342299938,0.07408247888088226,0.8887413740158081
6.0499999999999154,-0.054488301277160645,-0.04027183726429939,0.07249580323696136,-0.015553760342299938,0.07408247888088226,0.8887413740158081
6.059999999999915,-0.054488301277160645,-0.04027183726429939,0.07249580323696136,-0.015553760342299938,0.07408247888088226,0.8887413740158081
6.069999999999915,-0.054488301277160645,-0.04027183726429939,0.07249580323696136,-0.015553760342299938,0.07408247888088226,0.8887413740158081
6.079999999999915,-0.054488301277160645,-0.04027183726429939,0.07249580323696136,-0.015553760342299938,0.07408247888088226,0.8887413740158081
6.089999999999915,0.0,0.0,0.0,-0.0021056809928268194,0.11338068544864655,0.8995653390884399
6.099999999999914,0.0,0.0,0.0,-0.0021056809928268194,0.11338068544864655,0.8995653390884399
6.109999999999914,0.0,0.0,0.0,-0.0021056809928268194,0.11338068544864655,0.8995653390884399
6.119999999999914,0.0,0.0,0.0,-0.0021056809928268194,0.11338068544864655,0.8995653390884399
6.129999999999914,0.0,0.0,0.0,-0.0021056809928268194,0.11338068544864655,0.8995653390884399
6.1399999999999135,0.0,0.0,0.0,-0.0021056809928268194,0.11338068544864655,0.8995653390884399
6.149999999999913,0.0,0.0,0.0,-0.0021056809928268194,0.11338068544864655,0.8995653390884399
6.159999999999913,0.0,0.0,0.0,-0.0021056809928268194,0.11338068544864655,0.8995653390884399
6.169999999999913,0.0,0.0,0.0,-0.0021056809928268194,0.11338068544864655,0.8995653390884399
6.179999999999913,0.0,0.0,0.0,-0.0021056809928268194,0.11338068544864655,0.8995653390884399
6.1899999999999125,0.0,0.0,0.0,-0.0021056809928268194,0.11338068544864655,0.8995653390884399
6.199999999999912,0.0,0.0,0.0,-0.0021056809928268194,0.11338068544864655,0.8995653390884399
6.209999999999912,0.0,0.0,0.0,-0.0021056809928268194,0.11338068544864655,0.8995653390884399
6.219999999999912,0.0,0.0,0.0,-0.0021056809928268194,0.11338068544864655,0.8995653390884399
6.229999999999912,0.0,0.0,0.0,-0.0021056809928268194,0.11338068544864655,0.8995653390884399
6.239999999999911,0.0,0.0,0.0,-0.0021056809928268194,0.11338068544864655,0.8995653390884399
6.249999999999911,0.0,0.0,0.0,-0.0021056809928268194,0.11338068544864655,0.8995653390884399
6.259999999999911,0.0,0.0,0.0,-0.0021056809928268194,0.11338068544864655,0.8995653390884399
6.269999999999911,0.0,0.0,0.0,-0.0021056809928268194,0.11338068544864655,0.8995653390884399
6.2799999999999105,0.0,0.0,0.0,-0.0018395553342998028,0.1124383956193924,0.9014205932617188
6.28999999999991,0.0,0.0,0.0,-0.0018395553342998028,0.1124383956193924,0.9014205932617188
6.29999999999991,0.0,0.0,0.0,-0.0018395553342998028,0.1124383956193924,0.9014205932617188
6.30999999999991,0.0,0.0,0.0,-0.0018395553342998028,0.1124383956193924,0.9014205932617188
6.31999999999991,0.0,0.0,0.0,-0.0018395553342998028,0.1124383956193924,0.9014205932617188
6.3299999999999095,0.0,0.0,0.0,-0.0018395553342998028,0.1124383956193924,0.9014205932617188
6.339999999999909,0.0,0.0,0.0,-0.0018395553342998028,0.1124383956193924,0.9014205932617188
6.349999999999909,0.0,0.0,0.0,-0.0018395553342998028,0.1124383956193924,0.9014205932617188
6.359999999999909,0.0,0.0,0.0,-0.0018395553342998028,0.1124383956193924,0.9014205932617188
6.369999999999909,0.0,0.0,0.0,-0.0018395553342998028,0.1124383956193924,0.9014205932617188
6.379999999999908,0.0,0.0,0.0,-0.0018395553342998028,0.1124383956193924,0.9014205932617188
6.389999999999908,0.0,0.0,0.0,-0.0018395553342998028,0.1124383956193924,0.9014205932617188
6.399999999999908,0.0,0.0,0.0,-0.0018395553342998028,0.1124383956193924,0.9014205932617188
6.409999999999908,0.0,0.0,0.0,-0.0018395553342998028,0.1124383956193924,0.9014205932617188
6.419999999999908,0.0,0.0,0.0,-0.0018395553342998028,0.1124383956193924,0.9014205932617188
6.429999999999907,0.0,0.0,0.0,-0.0018395553342998028,0.1124383956193924,0.9014205932617188
6.439999999999907,0.0,0.0,0.0,-0.0018395553342998028,0.1124383956193924,0.9014205932617188
6.449999999999907,0.0,0.0,0.0,-0.0020221073646098375,0.11218772083520889,0.9014420509338379
6.459999999999907,0.0,0.0,0.0,-0.0020221073646098375,0.11218772083520889,0.9014420509338379
6.4699999999999065,0.0,0.0,0.0,-0.0020221073646098375,0.11218772083520889,0.9014420509338379
6.479999999999906,0.0,0.0,0.0,-0.0020221073646098375,0.11218772083520889,0.9014420509338379
6.489999999999906,0.0,0.0,0.0,-0.0020221073646098375,0.11218772083520889,0.9014420509338379
6.499999999999906,0.0,0.0,0.0,-0.0020221073646098375,0.11218772083520889,0.9014420509338379
6.509999999999906,0.0,0.0,0.0,-0.0020221073646098375,0.11218772083520889,0.9014420509338379
6.519999999999905,0.0,0.0,0.0,-0.0020221073646098375,0.11218772083520889,0.9014420509338379
6.529999999999905,0.0,0.0,0.0,-0.0020221073646098375,0.11218772083520889,0.9014420509338379
6.539999999999905,0.0,0.0,0.0,-0.0020221073646098375,0.11218772083520889,0.9014420509338379
6.549999999999905,0.0,0.0,0.0,-0.0020221073646098375,0.11218772083520889,0.9014420509338379
6.559999999999905,0.0,0.0,0.0,-0.0020221073646098375,0.11218772083520889,0.9014420509338379
6.569999999999904,0.0,0.0,0.0,-0.0020221073646098375,0.11218772083520889,0.9014420509338379
6.579999999999904,0.0,0.0,0.0,-0.0020221073646098375,0.11218772083520889,0.9014420509338379
6.589999999999904,0.0,0.0,0.0,-0.0020221073646098375,0.11218772083520889,0.9014420509338379
6.599999999999904,0.0,0.0,0.0,-0.0020221073646098375,0.11218772083520889,0.9014420509338379
6.6099999999999035,0.0,0.0,0.0,-0.0020221073646098375,0.11218772083520889,0.9014420509338379
6.619999999999903,0.0,0.0,0.0,-0.002152856672182679,0.11127723753452301,0.9014194011688232
6.629999999999903,0.0,0.0,0.0,-0.002152856672182679,0.11127723753452301,0.9014194011688232
6.639999999999903,0.0,0.0,0.0,-0.002152856672182679,0.11127723753452301,0.9014194011688232
6.649999999999903,0.0,0.0,0.0,-0.002152856672182679,0.11127723753452301,0.9014194011688232
6.659999999999902,0.0,0.0,0.0,-0.002152856672182679,0.11127723753452301,0.9014194011688232
6.669999999999902,0.0,0.0,0.0,-0.002152856672182679,0.11127723753452301,0.9014194011688232
6.679999999999902,0.0,0.0,0.0,-0.002152856672182679,0.11127723753452301,0.9014194011688232
6.689999999999902,0.0,0.0,0.0,-0.002152856672182679,0.11127723753452301,0.9014194011688232
6.699999999999902,0.0,0.0,0.0,-0.002152856672182679,0.11127723753452301,0.9014194011688232
6.709999999999901,0.0,0.0,0.0,-0.002152856672182679,0.11127723753452301,0.9014194011688232
6.719999999999901,0.0,0.0,0.0,-0.002152856672182679,0.11127723753452301,0.9014194011688232
6.729999999999901,0.0,0.0,0.0,-0.002152856672182679,0.11127723753452301,0.9014194011688232
